season,player,nationality,position_group,GK,RB,RWB,CB,LB,LWB,DM,CM,AM,RM,RW,LM,LW,ST,position_source,needs_review,notes
1993/94,Tommy Wright,NIR,Goalkeeper,true,false,false,false,false,false,false,false,false,false,false,false,false,false,screenshot_nationality+local_enhanced_exact,false,
1993/94,Mike Hooper,ENG,Goalkeeper,true,false,false,false,false,false,false,false,false,false,false,false,false,false,screenshot_nationality+local_enhanced_exact,false,
1993/94,Pavel Srnicek,CZE,Goalkeeper,true,false,false,false,false,false,false,false,false,false,false,false,false,false,screenshot_nationality+local_enhanced_exact,false,
1993/94,Steve Harper,ENG,Goalkeeper,true,false,false,false,false,false,false,false,false,false,false,false,false,false,local_enhanced_player,false,
1993/94,John Beresford,ENG,Defender,false,false,false,false,true,false,false,false,false,false,false,false,false,false,screenshot_nationality+local_enhanced_exact,false,
1993/94,Darren Peacock,ENG,Defender,false,false,false,true,false,false,false,false,false,false,false,false,false,false,screenshot_nationality+local_enhanced_exact,false,
1993/94,Matthew Robinson,ENG,Defender,false,false,false,true,false,false,false,false,false,false,false,false,false,false,manual_position_override,false,
1993/94,Barry Venison,ENG,Defender,false,true,false,false,false,false,false,false,false,false,false,false,false,false,screenshot_nationality+local_enhanced_exact,false,
1993/94,Alan Neilson,WAL,Defender,false,false,false,true,false,false,false,false,false,false,false,false,false,false,screenshot_nationality+local_enhanced_player,false,
1993/94,Steve Howey,ENG,Defender,false,false,false,true,false,false,false,false,false,false,false,false,false,false,screenshot_nationality+local_enhanced_exact,false,
1993/94,Robbie Elliott,ENG,Defender,false,false,false,true,false,false,false,false,false,false,false,false,false,false,screenshot_nationality+local_enhanced_exact,false,
1993/94,Chris Holland,ENG,Midfielder,false,false,false,false,false,false,false,true,false,false,false,false,false,false,screenshot_nationality+local_enhanced_exact,false,
1993/94,Nicos Papavasiliou,CYP,Midfielder,false,false,false,false,false,false,false,true,false,false,false,false,false,false,manual_position_override,false,
1993/94,Matty Appleby,ENG,Midfielder,false,false,false,true,false,false,false,false,false,false,false,false,false,false,screenshot_nationality+local_enhanced_exact,false,
1993/94,Scott Sellars,ENG,Midfielder,false,false,false,false,false,false,false,false,false,false,false,false,true,false,screenshot_nationality+local_enhanced_exact,false,
1993/94,Tony Dinning,ENG,Midfielder,false,false,false,false,false,false,false,true,false,false,false,false,false,false,manual_position_override,false,
1993/94,Steve Watson,ENG,Midfielder,false,false,false,true,false,false,false,false,false,false,false,false,false,false,screenshot_nationality+local_enhanced_exact,false,
1993/94,Robert Lee,ENG,Midfielder,false,false,false,false,false,false,false,true,false,false,false,false,false,false,screenshot_nationality+local_enhanced_exact,false,
1993/94,Paul Bracewell,ENG,Midfielder,false,false,false,false,false,false,false,true,false,false,false,false,false,false,screenshot_nationality+local_enhanced_exact,false,
1993/94,Lee Clark,ENG,Midfielder,false,false,false,false,false,false,false,true,false,false,false,false,false,false,screenshot_nationality+local_enhanced_exact,false,
1993/94,Michael Jeffrey,ENG,Forward,false,false,false,false,false,false,false,false,false,false,false,false,false,true,manual_position_override,false,
1993/94,Andrew Cole,ENG,Forward,false,false,false,false,false,false,false,false,false,false,false,false,false,true,screenshot_nationality+local_enhanced_exact,false,
1993/94,Alun Armstrong,ENG,Forward,false,false,false,false,false,false,false,false,false,false,false,false,false,true,manual_position_override,false,
1993/94,Peter Beardsley,ENG,Forward,false,false,false,false,false,false,false,false,true,false,false,true,false,false,screenshot_nationality+local_enhanced_exact,false,
1993/94,Malcolm Allen,WAL,Forward,false,false,false,false,false,false,false,true,false,false,false,false,false,false,screenshot_nationality+local_enhanced_exact,false,
1993/94,Alex Mathie,SCO,Forward,false,false,false,false,false,false,false,false,false,false,false,false,false,true,screenshot_nationality+local_enhanced_exact,false,
1993/94,Ruel Fox,MSR,Forward,false,false,false,false,false,false,false,true,false,false,false,false,false,false,screenshot_nationality+local_enhanced_exact,false,
1994/95,Mike Hooper,ENG,Goalkeeper,true,false,false,false,false,false,false,false,false,false,false,false,false,false,screenshot_nationality+local_enhanced_exact,false,
1994/95,Pavel Srnicek,CZE,Goalkeeper,true,false,false,false,false,false,false,false,false,false,false,false,false,false,screenshot_nationality+local_enhanced_exact,false,
1994/95,Steve Harper,ENG,Goalkeeper,true,false,false,false,false,false,false,false,false,false,false,false,false,false,screenshot_nationality+local_enhanced_exact,false,
1994/95,Alan Neilson,WAL,Defender,false,false,false,true,false,false,false,false,false,false,false,false,false,false,screenshot_nationality+local_enhanced_player,false,
1994/95,Darren Peacock,ENG,Defender,false,false,false,true,false,false,false,false,false,false,false,false,false,false,screenshot_nationality+local_enhanced_exact,false,
1994/95,John Beresford,ENG,Defender,false,false,false,false,true,false,false,false,false,false,false,false,false,false,screenshot_nationality+local_enhanced_exact,false,
1994/95,Phillipe Albert,BEL,Defender,false,false,false,true,false,false,false,false,false,false,false,false,false,false,screenshot_nationality+local_enhanced_exact,false,
1994/95,Steve Howey,ENG,Defender,false,false,false,true,false,false,false,false,false,false,false,false,false,false,screenshot_nationality+local_enhanced_exact,false,
1994/95,Barry Venison,ENG,Defender,false,true,false,false,false,false,false,false,false,false,false,false,false,false,screenshot_nationality+local_enhanced_exact,false,
1994/95,Matthew Robinson,ENG,Defender,false,false,false,true,false,false,false,false,false,false,false,false,false,false,manual_position_override,false,
1994/95,Marc Hottiger,SUI,Defender,false,false,false,true,false,false,false,false,false,false,false,false,false,false,screenshot_nationality+local_enhanced_exact,false,
1994/95,Robbie Elliott,ENG,Defender,false,false,false,true,false,false,false,false,false,false,false,false,false,false,screenshot_nationality+local_enhanced_exact,false,
1994/95,Scott Sellars,ENG,Midfielder,false,false,false,false,false,false,false,false,false,false,false,false,true,false,screenshot_nationality+local_enhanced_exact,false,
1994/95,Sam Aiston,ENG,Midfielder,false,false,false,false,false,false,false,true,false,false,false,false,false,false,manual_position_override,false,
1994/95,Paul Bracewell,ENG,Midfielder,false,false,false,false,false,false,false,true,false,false,false,false,false,false,screenshot_nationality+local_enhanced_exact,false,
1994/95,Robert Lee,ENG,Midfielder,false,false,false,false,false,false,false,true,false,false,false,false,false,false,screenshot_nationality+local_enhanced_exact,false,
1994/95,Steve Watson,ENG,Midfielder,false,false,false,true,false,false,false,false,false,false,false,false,false,false,screenshot_nationality+local_enhanced_exact,false,
1994/95,Keith Gillespie,NIR,Midfielder,false,false,false,false,false,false,false,false,false,false,true,false,false,false,screenshot_nationality+local_enhanced_exact,false,
1994/95,Chris Holland,ENG,Midfielder,false,false,false,false,false,false,false,true,false,false,false,false,false,false,screenshot_nationality+local_enhanced_exact,false,
1994/95,Jimmy Crawford,ENG,Midfielder,false,false,false,false,false,false,false,true,false,false,false,false,false,false,screenshot_nationality+local_enhanced_exact,false,
1994/95,Lee Clark,ENG,Midfielder,false,false,false,false,false,false,false,true,false,false,false,false,false,false,screenshot_nationality+local_enhanced_exact,false,
1994/95,Paul Kitson,ENG,Forward,false,false,false,false,false,false,false,false,false,false,false,false,false,true,screenshot_nationality+local_enhanced_exact,false,
1994/95,Michael Jeffrey,ENG,Forward,false,false,false,false,false,false,false,false,false,false,false,false,false,true,manual_position_override,false,
1994/95,Peter Beardsley,ENG,Forward,false,false,false,false,false,false,false,false,true,false,false,false,false,false,screenshot_nationality+local_enhanced_exact,false,
1994/95,Malcolm Allen,WAL,Forward,false,false,false,false,false,false,false,true,false,false,false,false,false,false,screenshot_nationality+local_enhanced_exact,false,
1994/95,Ruel Fox,MSR,Forward,false,false,false,false,false,false,false,true,false,false,false,false,false,false,screenshot_nationality+local_enhanced_exact,false,
1995/96,Shaka Hislop,TTO,Goalkeeper,true,false,false,false,false,false,false,false,false,false,false,false,false,false,screenshot_nationality+local_enhanced_exact,false,
1995/96,Mike Hooper,ENG,Goalkeeper,true,false,false,false,false,false,false,false,false,false,false,false,false,false,screenshot_nationality+local_enhanced_exact,false,
1995/96,Pavel Srnicek,CZE,Goalkeeper,true,false,false,false,false,false,false,false,false,false,false,false,false,false,screenshot_nationality+local_enhanced_exact,false,
1995/96,Steve Harper,ENG,Goalkeeper,true,false,false,false,false,false,false,false,false,false,false,false,false,false,screenshot_nationality+local_enhanced_exact,false,
1995/96,Steve Howey,ENG,Defender,false,false,false,true,false,false,false,false,false,false,false,false,false,false,screenshot_nationality+local_enhanced_exact,false,
1995/96,John Beresford,ENG,Defender,false,false,false,false,true,false,false,false,false,false,false,false,false,false,screenshot_nationality+local_enhanced_exact,false,
1995/96,Matthew Robinson,ENG,Defender,false,false,false,true,false,false,false,false,false,false,false,false,false,false,manual_position_override,false,
1995/96,Darren Peacock,ENG,Defender,false,false,false,true,false,false,false,false,false,false,false,false,false,false,screenshot_nationality+local_enhanced_exact,false,
1995/96,Phillipe Albert,BEL,Defender,false,false,false,true,false,false,false,false,false,false,false,false,false,false,screenshot_nationality+local_enhanced_exact,false,
1995/96,Stuart Elliott,ENG,Defender,false,false,false,false,false,false,false,true,false,false,false,false,false,false,screenshot_nationality+local_enhanced_exact,false,
1995/96,Warren Barton,ENG,Defender,false,true,false,false,false,false,false,false,false,false,false,false,false,false,screenshot_nationality+local_enhanced_exact,false,
1995/96,Robbie Elliott,ENG,Defender,false,false,false,true,false,false,false,false,false,false,false,false,false,false,screenshot_nationality+local_enhanced_exact,false,
1995/96,Jimmy Crawford,ENG,Midfielder,false,false,false,false,false,false,false,true,false,false,false,false,false,false,screenshot_nationality+local_enhanced_exact,false,
1995/96,Chris Holland,ENG,Midfielder,false,false,false,false,false,false,false,true,false,false,false,false,false,false,screenshot_nationality+local_enhanced_exact,false,
1995/96,Robert Lee,ENG,Midfielder,false,false,false,false,false,false,false,true,false,false,false,false,false,false,screenshot_nationality+local_enhanced_exact,false,
1995/96,Steve Watson,ENG,Midfielder,false,false,false,true,false,false,false,false,false,false,false,false,false,false,screenshot_nationality+local_enhanced_exact,false,
1995/96,David Batty,ENG,Midfielder,false,false,false,false,false,false,false,true,false,false,false,false,false,false,screenshot_nationality+local_enhanced_exact,false,
1995/96,Keith Gillespie,NIR,Midfielder,false,false,false,false,false,false,false,false,false,false,true,false,false,false,screenshot_nationality+local_enhanced_exact,false,
1995/96,Lee Clark,ENG,Midfielder,false,false,false,false,false,false,false,true,false,false,false,false,false,false,screenshot_nationality+local_enhanced_exact,false,
1995/96,Darren Huckerby,ENG,Forward,false,false,false,false,false,false,false,false,false,false,false,false,false,true,screenshot_nationality+local_enhanced_exact,false,
1995/96,Les Ferdinand,ENG,Forward,false,false,false,false,false,false,false,false,false,false,false,false,false,true,screenshot_nationality+local_enhanced_exact,false,
1995/96,David Ginola,FRA,Forward,false,false,false,false,false,false,false,false,false,false,false,false,true,false,screenshot_nationality+local_enhanced_exact,false,
1995/96,Faustino Asprilla,COL,Forward,false,false,false,false,false,false,false,false,false,false,false,false,false,true,screenshot_nationality+local_enhanced_exact,false,
1995/96,Peter Beardsley,ENG,Forward,false,false,false,false,false,false,false,false,true,false,false,false,false,false,screenshot_nationality+local_enhanced_exact,false,
1995/96,Paul Kitson,ENG,Forward,false,false,false,false,false,false,false,false,false,false,false,false,false,true,screenshot_nationality+local_enhanced_exact,false,
1995/96,Paul Brayson,ENG,Forward,false,false,false,false,false,false,false,false,false,false,false,false,false,true,screenshot_nationality+local_enhanced_exact,false,
1996/97,Shaka Hislop,TTO,Goalkeeper,true,false,false,false,false,false,false,false,false,false,false,false,false,false,screenshot_nationality+local_enhanced_exact,false,
1996/97,Pavel Srnicek,CZE,Goalkeeper,true,false,false,false,false,false,false,false,false,false,false,false,false,false,screenshot_nationality+local_enhanced_exact,false,
1996/97,Steve Harper,ENG,Goalkeeper,true,false,false,false,false,false,false,false,false,false,false,false,false,false,screenshot_nationality+local_enhanced_exact,false,
1996/97,Warren Barton,ENG,Defender,false,true,false,false,false,false,false,false,false,false,false,false,false,false,screenshot_nationality+local_enhanced_exact,false,
1996/97,John Beresford,ENG,Defender,false,false,false,false,true,false,false,false,false,false,false,false,false,false,screenshot_nationality+local_enhanced_exact,false,
1996/97,Darren Peacock,ENG,Defender,false,false,false,true,false,false,false,false,false,false,false,false,false,false,screenshot_nationality+local_enhanced_exact,false,
1996/97,Steve Howey,ENG,Defender,false,false,false,true,false,false,false,false,false,false,false,false,false,false,screenshot_nationality+local_enhanced_exact,false,
1996/97,Aaron Hughes,NIR,Defender,false,true,false,false,false,false,false,false,false,false,false,false,false,false,screenshot_nationality+local_enhanced_exact,false,
1996/97,Robbie Elliott,ENG,Defender,false,false,false,true,false,false,false,false,false,false,false,false,false,false,screenshot_nationality+local_enhanced_exact,false,
1996/97,Phillipe Albert,BEL,Defender,false,false,false,true,false,false,false,false,false,false,false,false,false,false,screenshot_nationality+local_enhanced_exact,false,
1996/97,Stuart Elliott,ENG,Defender,false,false,false,false,false,false,false,true,false,false,false,false,false,false,screenshot_nationality+local_enhanced_exact,false,
1996/97,David Batty,ENG,Midfielder,false,false,false,false,false,false,false,true,false,false,false,false,false,false,screenshot_nationality+local_enhanced_exact,false,
1996/97,Robert Lee,ENG,Midfielder,false,false,false,false,false,false,false,true,false,false,false,false,false,false,screenshot_nationality+local_enhanced_exact,false,
1996/97,Jimmy Crawford,ENG,Midfielder,false,false,false,false,false,false,false,true,false,false,false,false,false,false,screenshot_nationality+local_enhanced_exact,false,
1996/97,Keith Gillespie,NIR,Midfielder,false,false,false,false,false,false,false,false,false,false,true,false,false,false,screenshot_nationality+local_enhanced_exact,false,
1996/97,Steve Watson,ENG,Midfielder,false,false,false,true,false,false,false,false,false,false,false,false,false,false,screenshot_nationality+local_enhanced_exact,false,
1996/97,Lee Clark,ENG,Midfielder,false,false,false,false,false,false,false,true,false,false,false,false,false,false,screenshot_nationality+local_enhanced_exact,false,
1996/97,Des Hamilton,ENG,Midfielder,false,false,false,false,false,false,false,true,false,false,false,false,false,false,screenshot_nationality+local_enhanced_exact,false,
1996/97,Peter Beardsley,ENG,Forward,false,false,false,false,false,false,false,false,true,false,false,false,false,false,screenshot_nationality+local_enhanced_exact,false,
1996/97,Alan Shearer,ENG,Forward,false,false,false,false,false,false,false,false,false,false,false,false,false,true,screenshot_nationality+local_enhanced_exact,false,
1996/97,Les Ferdinand,ENG,Forward,false,false,false,false,false,false,false,false,false,false,false,false,false,true,screenshot_nationality+local_enhanced_exact,false,
1996/97,Faustino Asprilla,COL,Forward,false,false,false,false,false,false,false,false,false,false,false,false,false,true,screenshot_nationality+local_enhanced_exact,false,
1996/97,David Ginola,FRA,Forward,false,false,false,false,false,false,false,false,false,false,false,false,true,false,screenshot_nationality+local_enhanced_exact,false,
1996/97,Paul Brayson,ENG,Forward,false,false,false,false,false,false,false,false,false,false,false,false,false,true,screenshot_nationality+local_enhanced_exact,false,
1997/98,Peter Keen,ENG,Goalkeeper,true,false,false,false,false,false,false,false,false,false,false,false,false,false,screenshot_nationality+local_enhanced_exact,false,
1997/98,Shay Given,IRL,Goalkeeper,true,false,false,false,false,false,false,false,false,false,false,false,false,false,screenshot_nationality+local_enhanced_exact,false,
1997/98,Shaka Hislop,TTO,Goalkeeper,true,false,false,false,false,false,false,false,false,false,false,false,false,false,screenshot_nationality+local_enhanced_exact,false,
1997/98,Pavel Srnicek,CZE,Goalkeeper,true,false,false,false,false,false,false,false,false,false,false,false,false,false,screenshot_nationality+local_enhanced_player,false,
1997/98,Steve Harper,ENG,Goalkeeper,true,false,false,false,false,false,false,false,false,false,false,false,false,false,screenshot_nationality+local_enhanced_exact,false,
1997/98,Warren Barton,ENG,Defender,false,true,false,false,false,false,false,false,false,false,false,false,false,false,screenshot_nationality+local_enhanced_exact,false,
1997/98,Andy Griffin,ENG,Defender,false,false,false,true,false,false,false,false,false,false,false,false,false,false,screenshot_nationality+local_enhanced_exact,false,
1997/98,Stuart Pearce,ENG,Defender,false,false,false,false,true,false,false,false,false,false,false,false,false,false,screenshot_nationality+local_enhanced_exact,false,
1997/98,Darren Peacock,ENG,Defender,false,false,false,true,false,false,false,false,false,false,false,false,false,false,screenshot_nationality+local_enhanced_exact,false,
1997/98,Steve Howey,ENG,Defender,false,false,false,true,false,false,false,false,false,false,false,false,false,false,screenshot_nationality+local_enhanced_exact,false,
1997/98,Aaron Hughes,NIR,Defender,false,true,false,false,false,false,false,false,false,false,false,false,false,false,screenshot_nationality+local_enhanced_exact,false,
1997/98,Phillipe Albert,BEL,Defender,false,false,false,true,false,false,false,false,false,false,false,false,false,false,screenshot_nationality+local_enhanced_exact,false,
1997/98,Paddy Kelly,SCO,Defender,false,false,false,true,false,false,false,false,false,false,false,false,false,false,screenshot_nationality+local_enhanced_exact,false,
1997/98,David Terrier,FRA,Defender,false,false,false,true,false,false,false,false,false,false,false,false,false,false,screenshot_nationality+local_enhanced_exact,false,
1997/98,Nikos Dabizas,GRE,Defender,false,false,false,true,false,false,false,false,false,false,false,false,false,false,screenshot_nationality+local_enhanced_exact,false,
1997/98,Stuart Elliott,ENG,Defender,false,false,false,false,false,false,false,true,false,false,false,false,false,false,screenshot_nationality+local_enhanced_exact,false,
1997/98,Alessandro Pistone,ITA,Defender,false,false,false,true,false,false,false,false,false,false,false,false,false,false,screenshot_nationality+local_enhanced_exact,false,
1997/98,Robin Hulbert,ENG,Midfielder,false,false,false,false,false,false,false,true,false,false,false,false,false,false,manual_position_override,false,
1997/98,Ralf Keidel,GER,Midfielder,false,false,false,false,false,false,false,true,false,false,false,false,false,false,screenshot_nationality+local_enhanced_exact,false,
1997/98,Brian Pinas,NED,Midfielder,false,false,false,false,false,false,false,true,false,false,false,false,false,false,screenshot_nationality+local_enhanced_exact,false,
1997/98,David Batty,ENG,Midfielder,false,false,false,false,false,false,false,true,false,false,false,false,false,false,screenshot_nationality+local_enhanced_exact,false,
1997/98,Robert Lee,ENG,Midfielder,false,false,false,false,false,false,false,true,false,false,false,false,false,false,screenshot_nationality+local_enhanced_exact,false,
1997/98,John Barnes,ENG,Midfielder,false,false,false,false,false,false,false,true,false,false,false,false,false,false,screenshot_nationality+local_enhanced_exact,false,
1997/98,Gary Speed,WAL,Midfielder,false,false,false,false,false,false,false,true,false,false,false,true,false,false,screenshot_nationality+local_enhanced_exact,false,
1997/98,Temuri Ketsbaia,GEO,Midfielder,false,false,false,false,false,false,false,true,false,false,false,false,false,false,screenshot_nationality+local_enhanced_exact,false,
1997/98,Keith Gillespie,NIR,Midfielder,false,false,false,false,false,false,false,false,false,false,true,false,false,false,screenshot_nationality+local_enhanced_exact,false,
1997/98,Steve Watson,ENG,Midfielder,false,false,false,true,false,false,false,false,false,false,false,false,false,false,screenshot_nationality+local_enhanced_exact,false,
1997/98,Jamie McClen,ENG,Midfielder,false,false,false,false,false,false,false,true,false,false,false,false,false,false,screenshot_nationality+local_enhanced_player,false,
1997/98,James Coppinger,ENG,Midfielder,false,false,false,false,false,false,false,false,false,false,false,false,false,true,screenshot_nationality+local_enhanced_player,false,
1997/98,Paul Barrett,ENG,Midfielder,false,false,false,false,false,false,false,true,false,false,false,false,false,false,screenshot_nationality+local_enhanced_player,false,
1997/98,Des Hamilton,ENG,Midfielder,false,false,false,false,false,false,false,true,false,false,false,false,false,false,screenshot_nationality+local_enhanced_exact,false,
1997/98,Ian Rush,WAL,Forward,false,false,false,false,false,false,false,false,false,false,false,false,false,true,screenshot_nationality+local_enhanced_exact,false,
1997/98,Alan Shearer,ENG,Forward,false,false,false,false,false,false,false,false,false,false,false,false,false,true,screenshot_nationality+local_enhanced_exact,false,
1997/98,Jon Dahl Tomasson,DEN,Forward,false,false,false,false,false,false,false,false,false,false,false,false,false,true,screenshot_nationality+local_enhanced_exact,false,
1997/98,Paul Dalglish,SCO,Forward,false,false,false,false,false,false,false,false,false,false,false,false,false,true,screenshot_nationality+local_enhanced_player,false,
1997/98,Paul Brayson,ENG,Forward,false,false,false,false,false,false,false,false,false,false,false,false,false,true,screenshot_nationality+local_enhanced_exact,false,
1997/98,Andreas Andersson,SWE,Forward,false,false,false,false,false,false,false,false,false,false,false,false,false,true,screenshot_nationality+local_enhanced_exact,false,
1998/99,Lionel Perez,FRA,Goalkeeper,true,false,false,false,false,false,false,false,false,false,false,false,false,false,screenshot_nationality+local_enhanced_exact,false,
1998/99,Shay Given,IRL,Goalkeeper,true,false,false,false,false,false,false,false,false,false,false,false,false,false,screenshot_nationality+local_enhanced_exact,false,
1998/99,Steve Harper,ENG,Goalkeeper,true,false,false,false,false,false,false,false,false,false,false,false,false,false,screenshot_nationality+local_enhanced_exact,false,
1998/99,Phillipe Albert,BEL,Defender,false,false,false,true,false,false,false,false,false,false,false,false,false,false,screenshot_nationality+local_enhanced_exact,false,
1998/99,Steven Caldwell,SCO,Defender,false,false,false,true,false,false,false,false,false,false,false,false,false,false,manual_position_override,false,
1998/99,Nikos Dabizas,GRE,Defender,false,false,false,true,false,false,false,false,false,false,false,false,false,false,screenshot_nationality+local_enhanced_exact,false,
1998/99,Aaron Hughes,NIR,Defender,false,true,false,false,false,false,false,false,false,false,false,false,false,false,screenshot_nationality+local_enhanced_exact,false,
1998/99,Andy Griffin,ENG,Defender,false,false,false,true,false,false,false,false,false,false,false,false,false,false,screenshot_nationality+local_enhanced_exact,false,
1998/99,Warren Barton,ENG,Defender,false,true,false,false,false,false,false,false,false,false,false,false,false,false,screenshot_nationality+local_enhanced_exact,false,
1998/99,Didier Domi,FRA,Defender,false,false,false,true,false,false,false,false,false,false,false,false,false,false,screenshot_nationality+local_enhanced_exact,false,
1998/99,David Beharall,ENG,Defender,false,false,false,true,false,false,false,false,false,false,false,false,false,false,screenshot_nationality+local_enhanced_exact,false,
1998/99,Carl Serrant,ENG,Defender,false,false,false,true,false,false,false,false,false,false,false,false,false,false,screenshot_nationality+local_enhanced_exact,false,
1998/99,Laurent Charvet,FRA,Defender,false,false,false,true,false,false,false,false,false,false,false,false,false,false,screenshot_nationality+local_enhanced_exact,false,
1998/99,Steve Howey,ENG,Defender,false,false,false,true,false,false,false,false,false,false,false,false,false,false,screenshot_nationality+local_enhanced_exact,false,
1998/99,Alessandro Pistone,ITA,Defender,false,false,false,true,false,false,false,false,false,false,false,false,false,false,screenshot_nationality+local_enhanced_exact,false,
1998/99,Paddy Kelly,SCO,Defender,false,false,false,true,false,false,false,false,false,false,false,false,false,false,screenshot_nationality+local_enhanced_exact,false,
1998/99,Stuart Pearce,ENG,Defender,false,false,false,false,true,false,false,false,false,false,false,false,false,false,screenshot_nationality+local_enhanced_exact,false,
1998/99,Stuart Elliott,ENG,Defender,false,false,false,false,false,false,false,true,false,false,false,false,false,false,screenshot_nationality+local_enhanced_exact,false,
1998/99,Stephen Glass,SCO,Midfielder,false,false,false,false,false,false,false,true,false,false,false,false,false,false,screenshot_nationality+local_enhanced_exact,false,
1998/99,Garry Brady,SCO,Midfielder,false,false,false,false,false,false,false,true,false,false,false,false,false,false,screenshot_nationality+local_enhanced_exact,false,
1998/99,James Coppinger,ENG,Midfielder,false,false,false,false,false,false,false,false,false,false,false,false,false,true,screenshot_nationality+local_enhanced_player,false,
1998/99,Des Hamilton,ENG,Midfielder,false,false,false,false,false,false,false,true,false,false,false,false,false,false,screenshot_nationality+local_enhanced_exact,false,
1998/99,Robert Lee,ENG,Midfielder,false,false,false,false,false,false,false,true,false,false,false,false,false,false,screenshot_nationality+local_enhanced_exact,false,
1998/99,Georgios Charalambos Georgiadis,GRE,Midfielder,false,false,false,false,false,false,false,false,false,true,true,false,false,false,manual_position_override,false,
1998/99,Gary Speed,WAL,Midfielder,false,false,false,false,false,false,false,true,false,false,false,true,false,false,screenshot_nationality+local_enhanced_exact,false,
1998/99,Jamie McClen,ENG,Midfielder,false,false,false,false,false,false,false,true,false,false,false,false,false,false,screenshot_nationality+local_enhanced_exact,false,
1998/99,Dietmar Hamann,GER,Midfielder,false,false,false,false,false,false,false,true,false,false,false,false,false,false,screenshot_nationality+local_enhanced_exact,false,
1998/99,Silvio Maric,CRO,Midfielder,false,false,false,false,false,false,false,true,false,false,false,false,false,false,screenshot_nationality+local_enhanced_exact,false,
1998/99,Temuri Ketsbaia,GEO,Midfielder,false,false,false,false,false,false,false,true,false,false,false,false,false,false,screenshot_nationality+local_enhanced_exact,false,
1998/99,Nolberto Solano,PER,Midfielder,false,false,false,false,false,false,false,false,false,true,true,false,false,false,screenshot_nationality+local_enhanced_exact,false,
1998/99,Andreas Andersson,SWE,Forward,false,false,false,false,false,false,false,false,false,false,false,false,false,true,screenshot_nationality+local_enhanced_exact,false,
1998/99,Louis Saha,FRA,Forward,false,false,false,false,false,false,false,false,false,false,false,false,false,true,screenshot_nationality+local_enhanced_exact,false,
1998/99,Paul Robinson,ENG,Forward,false,false,false,false,false,false,false,false,false,false,false,false,false,true,screenshot_nationality+local_enhanced_exact,false,
1998/99,Duncan Ferguson,SCO,Forward,false,false,false,false,false,false,false,false,false,false,false,false,false,true,screenshot_nationality+local_enhanced_exact,false,
1998/99,Paul Dalglish,SCO,Forward,false,false,false,false,false,false,false,false,false,false,false,false,false,true,screenshot_nationality+local_enhanced_exact,false,
1998/99,Alan Shearer,ENG,Forward,false,false,false,false,false,false,false,false,false,false,false,false,false,true,screenshot_nationality+local_enhanced_exact,false,
1999/00,Shay Given,IRL,Goalkeeper,true,false,false,false,false,false,false,false,false,false,false,false,false,false,screenshot_nationality+local_enhanced_exact,false,
1999/00,Lionel Perez,FRA,Goalkeeper,true,false,false,false,false,false,false,false,false,false,false,false,false,false,screenshot_nationality+local_enhanced_exact,false,
1999/00,John Karelse,NED,Goalkeeper,true,false,false,false,false,false,false,false,false,false,false,false,false,false,screenshot_nationality+local_enhanced_exact,false,
1999/00,Steve Harper,ENG,Goalkeeper,true,false,false,false,false,false,false,false,false,false,false,false,false,false,screenshot_nationality+local_enhanced_exact,false,
1999/00,Stephen Brennan,IRL,Defender,false,false,false,false,true,false,false,false,false,false,false,false,false,false,manual_position_override,false,
1999/00,Warren Barton,ENG,Defender,false,true,false,false,false,false,false,false,false,false,false,false,false,false,screenshot_nationality+local_enhanced_exact,false,
1999/00,Andy Griffin,ENG,Defender,false,false,false,true,false,false,false,false,false,false,false,false,false,false,screenshot_nationality+local_enhanced_exact,false,
1999/00,Didier Domi,FRA,Defender,false,false,false,true,false,false,false,false,false,false,false,false,false,false,screenshot_nationality+local_enhanced_exact,false,
1999/00,Alain Goma,FRA,Defender,false,false,false,true,false,false,false,false,false,false,false,false,false,false,screenshot_nationality+local_enhanced_exact,false,
1999/00,Steve Howey,ENG,Defender,false,false,false,true,false,false,false,false,false,false,false,false,false,false,screenshot_nationality+local_enhanced_exact,false,
1999/00,Elena Marcelino,ESP,Defender,false,false,false,true,false,false,false,false,false,false,false,false,false,false,screenshot_nationality+local_enhanced_exact,false,
1999/00,Aaron Hughes,NIR,Defender,false,true,false,false,false,false,false,false,false,false,false,false,false,false,screenshot_nationality+local_enhanced_exact,false,
1999/00,David Beharall,ENG,Defender,false,false,false,true,false,false,false,false,false,false,false,false,false,false,screenshot_nationality+local_enhanced_exact,false,
1999/00,Steven Caldwell,SCO,Defender,false,false,false,true,false,false,false,false,false,false,false,false,false,false,manual_position_override,false,
1999/00,Nikos Dabizas,GRE,Defender,false,false,false,true,false,false,false,false,false,false,false,false,false,false,screenshot_nationality+local_enhanced_exact,false,
1999/00,Stuart Elliott,ENG,Defender,false,false,false,false,false,false,false,true,false,false,false,false,false,false,screenshot_nationality+local_enhanced_exact,false,
1999/00,Gary Caldwell,SCO,Defender,false,false,false,true,false,false,false,false,false,false,false,false,false,false,screenshot_nationality+local_enhanced_exact,false,
1999/00,Alessandro Pistone,ITA,Defender,false,false,false,true,false,false,false,false,false,false,false,false,false,false,screenshot_nationality+local_enhanced_exact,false,
1999/00,Laurent Charvet,FRA,Defender,false,false,false,true,false,false,false,false,false,false,false,false,false,false,screenshot_nationality+local_enhanced_exact,false,
1999/00,Helder Cristovao,POR,Defender,false,false,false,true,false,false,false,false,false,false,false,false,false,false,manual_position_override,false,
1999/00,Carl Serrant,ENG,Defender,false,false,false,true,false,false,false,false,false,false,false,false,false,false,screenshot_nationality+local_enhanced_exact,false,
1999/00,Nolberto Solano,PER,Midfielder,false,false,false,false,false,false,false,false,false,true,true,false,false,false,screenshot_nationality+local_enhanced_exact,false,
1999/00,Robert Lee,ENG,Midfielder,false,false,false,false,false,false,false,true,false,false,false,false,false,false,screenshot_nationality+local_enhanced_exact,false,
1999/00,Kieron Dyer,ENG,Midfielder,false,false,false,false,false,false,false,true,false,false,false,false,false,false,screenshot_nationality+local_enhanced_exact,false,
1999/00,Silvio Maric,CRO,Midfielder,false,false,false,false,false,false,false,true,false,false,false,false,false,false,screenshot_nationality+local_enhanced_exact,false,
1999/00,Gary Speed,WAL,Midfielder,false,false,false,false,false,false,false,true,false,false,false,true,false,false,screenshot_nationality+local_enhanced_exact,false,
1999/00,Temuri Ketsbaia,GEO,Midfielder,false,false,false,false,false,false,false,true,false,false,false,false,false,false,screenshot_nationality+local_enhanced_exact,false,
1999/00,Stephen Glass,SCO,Midfielder,false,false,false,false,false,false,false,true,false,false,false,false,false,false,screenshot_nationality+local_enhanced_exact,false,
1999/00,Diego Gavilan,PAR,Midfielder,false,false,false,false,false,false,false,true,false,false,false,false,false,false,screenshot_nationality+local_enhanced_exact,false,
1999/00,Jamie McClen,ENG,Midfielder,false,false,false,false,false,false,false,true,false,false,false,false,false,false,screenshot_nationality+local_enhanced_exact,false,
1999/00,Garry Brady,SCO,Midfielder,false,false,false,false,false,false,false,true,false,false,false,false,false,false,screenshot_nationality+local_enhanced_exact,false,
1999/00,Brian Kerr,SCO,Midfielder,false,false,false,false,false,false,false,true,false,false,false,false,false,false,screenshot_nationality+local_enhanced_exact,false,
1999/00,James Coppinger,ENG,Midfielder,false,false,false,false,false,false,false,false,false,false,false,false,false,true,screenshot_nationality+local_enhanced_exact,false,
1999/00,Stuart Green,ENG,Midfielder,false,false,false,false,false,false,false,true,false,false,false,false,false,false,screenshot_nationality+local_enhanced_exact,false,
1999/00,Des Hamilton,ENG,Midfielder,false,false,false,false,false,false,false,true,false,false,false,false,false,false,screenshot_nationality+local_enhanced_exact,false,
1999/00,Fumaca,BRA,Midfielder,false,false,false,false,false,false,false,false,true,false,false,false,false,false,manual_position_override,false,
1999/00,Alan Shearer,ENG,Forward,false,false,false,false,false,false,false,false,false,false,false,false,false,true,screenshot_nationality+local_enhanced_exact,false,
1999/00,Duncan Ferguson,SCO,Forward,false,false,false,false,false,false,false,false,false,false,false,false,false,true,screenshot_nationality+local_enhanced_exact,false,
1999/00,Paul Robinson,ENG,Forward,false,false,false,false,false,false,false,false,false,false,false,false,false,true,screenshot_nationality+local_enhanced_exact,false,
1999/00,Kevin Gallacher,SCO,Forward,false,false,false,false,false,false,false,false,false,false,false,false,false,true,screenshot_nationality+local_enhanced_exact,false,
2000/01,John Karelse,NED,Goalkeeper,true,false,false,false,false,false,false,false,false,false,false,false,false,false,screenshot_nationality+local_enhanced_exact,false,
2000/01,Shay Given,IRL,Goalkeeper,true,false,false,false,false,false,false,false,false,false,false,false,false,false,screenshot_nationality+local_enhanced_exact,false,
2000/01,Steve Harper,ENG,Goalkeeper,true,false,false,false,false,false,false,false,false,false,false,false,false,false,screenshot_nationality+local_enhanced_exact,false,
2000/01,Steven Caldwell,SCO,Defender,false,false,false,true,false,false,false,false,false,false,false,false,false,false,manual_position_override,false,
2000/01,Andy O'Brien,IRL,Defender,false,false,false,true,false,false,false,false,false,false,false,false,false,false,screenshot_nationality+local_enhanced_exact,false,
2000/01,Wayne Quinn,ENG,Defender,false,false,false,true,false,false,false,false,false,false,false,false,false,false,screenshot_nationality+local_enhanced_exact,false,
2000/01,Andy Griffin,ENG,Defender,false,false,false,true,false,false,false,false,false,false,false,false,false,false,screenshot_nationality+local_enhanced_exact,false,
2000/01,Aaron Hughes,NIR,Defender,false,true,false,false,false,false,false,false,false,false,false,false,false,false,screenshot_nationality+local_enhanced_exact,false,
2000/01,Stephen Brennan,IRL,Defender,false,false,false,false,true,false,false,false,false,false,false,false,false,false,manual_position_override,false,
2000/01,Warren Barton,ENG,Defender,false,true,false,false,false,false,false,false,false,false,false,false,false,false,screenshot_nationality+local_enhanced_exact,false,
2000/01,Elena Marcelino,ESP,Defender,false,false,false,true,false,false,false,false,false,false,false,false,false,false,screenshot_nationality+local_enhanced_exact,false,
2000/01,Steve Howey,ENG,Defender,false,false,false,true,false,false,false,false,false,false,false,false,false,false,screenshot_nationality+local_enhanced_player,false,
2000/01,Carl Serrant,ENG,Defender,false,false,false,true,false,false,false,false,false,false,false,false,false,false,screenshot_nationality+local_enhanced_exact,false,
2000/01,David Beharall,ENG,Defender,false,false,false,true,false,false,false,false,false,false,false,false,false,false,screenshot_nationality+local_enhanced_exact,false,
2000/01,Nikos Dabizas,GRE,Defender,false,false,false,true,false,false,false,false,false,false,false,false,false,false,screenshot_nationality+local_enhanced_exact,false,
2000/01,Gary Caldwell,SCO,Defender,false,false,false,false,false,false,false,true,false,false,false,false,false,false,screenshot_nationality+local_enhanced_exact,false,
2000/01,Olivier Bernard,FRA,Defender,false,false,false,false,true,false,false,false,false,false,false,false,false,false,screenshot_nationality+local_enhanced_player,false,
2000/01,Stuart Green,ENG,Midfielder,false,false,false,false,false,false,false,true,false,false,false,false,false,false,screenshot_nationality+local_enhanced_exact,false,
2000/01,Clarence Acuna,CHI,Midfielder,false,false,false,false,false,false,false,true,false,false,false,false,false,false,screenshot_nationality+local_enhanced_exact,false,
2000/01,Stephen Glass,SCO,Midfielder,false,false,false,false,false,false,false,true,false,false,false,false,false,false,screenshot_nationality+local_enhanced_exact,false,
2000/01,James Coppinger,ENG,Midfielder,false,false,false,false,false,false,false,false,false,false,false,false,false,true,screenshot_nationality+local_enhanced_exact,false,
2000/01,Des Hamilton,ENG,Midfielder,false,false,false,false,false,false,false,true,false,false,false,false,false,false,screenshot_nationality+local_enhanced_exact,false,
2000/01,Robert Lee,ENG,Midfielder,false,false,false,false,false,false,false,true,false,false,false,false,false,false,screenshot_nationality+local_enhanced_exact,false,
2000/01,Christian Bassedas,ARG,Midfielder,false,false,false,false,false,false,false,true,false,false,false,false,false,false,screenshot_nationality+local_enhanced_exact,false,
2000/01,Brian Kerr,SCO,Midfielder,false,false,false,false,false,false,false,true,false,false,false,false,false,false,screenshot_nationality+local_enhanced_exact,false,
2000/01,Diego Gavilan,PAR,Midfielder,false,false,false,false,false,false,false,true,false,false,false,false,false,false,screenshot_nationality+local_enhanced_exact,false,
2000/01,Jamie McClen,ENG,Midfielder,false,false,false,false,false,false,false,true,false,false,false,false,false,false,screenshot_nationality+local_enhanced_exact,false,
2000/01,Gary Speed,WAL,Midfielder,false,false,false,false,false,false,false,true,false,false,false,true,false,false,screenshot_nationality+local_enhanced_exact,false,
2000/01,Nolberto Solano,PER,Midfielder,false,false,false,false,false,false,false,false,false,true,true,false,false,false,screenshot_nationality+local_enhanced_exact,false,
2000/01,Kieron Dyer,ENG,Midfielder,false,false,false,false,false,false,false,true,false,false,false,false,false,false,screenshot_nationality+local_enhanced_exact,false,
2000/01,Tresor Lomana Lua Lua,COD,Forward,false,false,false,false,false,false,false,false,false,false,true,false,false,true,manual_position_override,false,
2000/01,Daniel Cordone,ARG,Forward,false,false,false,false,false,false,false,false,false,false,false,false,false,true,screenshot_nationality+local_enhanced_exact,false,
2000/01,Colin McMenamin,SCO,Forward,false,false,false,false,false,false,false,false,false,false,false,false,false,true,screenshot_nationality+local_enhanced_player,false,
2000/01,Kevin Gallacher,SCO,Forward,false,false,false,false,false,false,false,false,false,false,false,false,false,true,screenshot_nationality+local_enhanced_exact,false,
2000/01,Carl Cort,GUY,Forward,false,false,false,false,false,false,false,false,false,false,false,false,false,true,screenshot_nationality+local_enhanced_exact,false,
2000/01,Alan Shearer,ENG,Forward,false,false,false,false,false,false,false,false,false,false,false,false,false,true,screenshot_nationality+local_enhanced_exact,false,
2000/01,Shola Ameobi,NGA,Forward,false,false,false,false,false,false,false,false,false,false,false,false,false,true,screenshot_nationality+local_enhanced_exact,false,
2001/02,John Karelse,NED,Goalkeeper,true,false,false,false,false,false,false,false,false,false,false,false,false,false,screenshot_nationality+local_enhanced_exact,false,
2001/02,Shay Given,IRL,Goalkeeper,true,false,false,false,false,false,false,false,false,false,false,false,false,false,screenshot_nationality+local_enhanced_exact,false,
2001/02,Steve Harper,ENG,Goalkeeper,true,false,false,false,false,false,false,false,false,false,false,false,false,false,screenshot_nationality+local_enhanced_exact,false,
2001/02,Robbie Elliott,ENG,Defender,false,false,false,true,false,false,false,false,false,false,false,false,false,false,screenshot_nationality+local_enhanced_exact,false,
2001/02,Wayne Quinn,ENG,Defender,false,false,false,true,false,false,false,false,false,false,false,false,false,false,screenshot_nationality+local_enhanced_exact,false,
2001/02,Andy O'Brien,IRL,Defender,false,false,false,true,false,false,false,false,false,false,false,false,false,false,screenshot_nationality+local_enhanced_exact,false,
2001/02,Andy Griffin,ENG,Defender,false,false,false,true,false,false,false,false,false,false,false,false,false,false,screenshot_nationality+local_enhanced_exact,false,
2001/02,Sylvain Distin,FRA,Defender,false,false,false,true,false,false,false,false,false,false,false,false,false,false,screenshot_nationality+local_enhanced_exact,false,
2001/02,Steve Howey,ENG,Defender,false,false,false,true,false,false,false,false,false,false,false,false,false,false,screenshot_nationality+local_enhanced_player,false,
2001/02,Elena Marcelino,ESP,Defender,false,false,false,true,false,false,false,false,false,false,false,false,false,false,screenshot_nationality+local_enhanced_exact,false,
2001/02,Stephen Brennan,IRL,Defender,false,false,false,false,true,false,false,false,false,false,false,false,false,false,manual_position_override,false,
2001/02,Gary Caldwell,SCO,Defender,false,false,false,false,false,false,false,true,false,false,false,false,false,false,screenshot_nationality+local_enhanced_exact,false,
2001/02,Steven Caldwell,SCO,Defender,false,false,false,true,false,false,false,false,false,false,false,false,false,false,manual_position_override,false,
2001/02,Nikos Dabizas,GRE,Defender,false,false,false,true,false,false,false,false,false,false,false,false,false,false,screenshot_nationality+local_enhanced_exact,false,
2001/02,Aaron Hughes,NIR,Defender,false,true,false,false,false,false,false,false,false,false,false,false,false,false,screenshot_nationality+local_enhanced_exact,false,
2001/02,Olivier Bernard,FRA,Defender,false,false,false,false,true,false,false,false,false,false,false,false,false,false,screenshot_nationality+local_enhanced_player,false,
2001/02,Brian Kerr,SCO,Midfielder,false,false,false,false,false,false,false,true,false,false,false,false,false,false,screenshot_nationality+local_enhanced_exact,false,
2001/02,Jamie McClen,ENG,Midfielder,false,false,false,false,false,false,false,true,false,false,false,false,false,false,screenshot_nationality+local_enhanced_exact,false,
2001/02,Clarence Acuna,CHI,Midfielder,false,false,false,false,false,false,false,true,false,false,false,false,false,false,screenshot_nationality+local_enhanced_exact,false,
2001/02,Laurent Robert,FRA,Midfielder,false,false,false,false,false,false,false,false,false,false,false,false,true,false,screenshot_nationality+local_enhanced_exact,false,
2001/02,Diego Gavilan,PAR,Midfielder,false,false,false,false,false,false,false,true,false,false,false,false,false,false,screenshot_nationality+local_enhanced_exact,false,
2001/02,Jermaine Jenas,ENG,Midfielder,false,false,false,false,false,false,false,true,false,false,false,false,false,false,screenshot_nationality+local_enhanced_exact,false,
2001/02,Stuart Green,ENG,Midfielder,false,false,false,false,false,false,false,true,false,false,false,false,false,false,screenshot_nationality+local_enhanced_exact,false,
2001/02,Gary Speed,WAL,Midfielder,false,false,false,false,false,false,false,true,false,false,false,true,false,false,screenshot_nationality+local_enhanced_exact,false,
2001/02,Christian Bassedas,ARG,Midfielder,false,false,false,false,false,false,false,true,false,false,false,false,false,false,screenshot_nationality+local_enhanced_exact,false,
2001/02,Nolberto Solano,PER,Midfielder,false,false,false,false,false,false,false,false,false,true,true,false,false,false,screenshot_nationality+local_enhanced_exact,false,
2001/02,Kieron Dyer,ENG,Midfielder,false,false,false,false,false,false,false,true,false,false,false,false,false,false,screenshot_nationality+local_enhanced_exact,false,
2001/02,Colin McMenamin,SCO,Forward,false,false,false,false,false,false,false,false,false,false,false,false,false,true,screenshot_nationality+local_enhanced_exact,false,
2001/02,Tresor Lomana Lua Lua,COD,Forward,false,false,false,false,false,false,false,false,false,false,true,false,false,true,manual_position_override,false,
2001/02,Carl Cort,GUY,Forward,false,false,false,false,false,false,false,false,false,false,false,false,false,true,screenshot_nationality+local_enhanced_exact,false,
2001/02,Craig Bellamy,WAL,Forward,false,false,false,false,false,false,false,false,false,false,false,false,false,true,screenshot_nationality+local_enhanced_exact,false,
2001/02,Alan Shearer,ENG,Forward,false,false,false,false,false,false,false,false,false,false,false,false,false,true,screenshot_nationality+local_enhanced_exact,false,
2001/02,Shola Ameobi,NGA,Forward,false,false,false,false,false,false,false,false,false,false,false,false,false,true,screenshot_nationality+local_enhanced_exact,false,
2001/02,Michael Chopra,ENG,Forward,false,false,false,false,false,false,false,false,false,false,false,false,false,true,screenshot_nationality+local_enhanced_exact,false,
2002/03,Adam Collin,ENG,Goalkeeper,true,false,false,false,false,false,false,false,false,false,false,false,false,false,screenshot_nationality+local_enhanced_exact,false,
2002/03,John Karelse,NED,Goalkeeper,true,false,false,false,false,false,false,false,false,false,false,false,false,false,screenshot_nationality+local_enhanced_exact,false,
2002/03,Shay Given,IRL,Goalkeeper,true,false,false,false,false,false,false,false,false,false,false,false,false,false,screenshot_nationality+local_enhanced_exact,false,
2002/03,Tony Caig,ENG,Goalkeeper,true,false,false,false,false,false,false,false,false,false,false,false,false,false,screenshot_nationality+local_enhanced_exact,false,
2002/03,Steve Harper,ENG,Goalkeeper,true,false,false,false,false,false,false,false,false,false,false,false,false,false,screenshot_nationality+local_enhanced_exact,false,
2002/03,Robbie Elliott,ENG,Defender,false,false,false,true,false,false,false,false,false,false,false,false,false,false,screenshot_nationality+local_enhanced_exact,false,
2002/03,Nikos Dabizas,GRE,Defender,false,false,false,true,false,false,false,false,false,false,false,false,false,false,screenshot_nationality+local_enhanced_exact,false,
2002/03,Aaron Hughes,NIR,Defender,false,true,false,false,false,false,false,false,false,false,false,false,false,false,screenshot_nationality+local_enhanced_exact,false,
2002/03,Andy Griffin,ENG,Defender,false,false,false,true,false,false,false,false,false,false,false,false,false,false,screenshot_nationality+local_enhanced_exact,false,
2002/03,Steven Caldwell,SCO,Defender,false,false,false,true,false,false,false,false,false,false,false,false,false,false,manual_position_override,false,
2002/03,Joe Kendrick,IRL,Defender,false,false,false,false,true,false,false,false,false,false,false,false,false,false,manual_position_override,false,
2002/03,Steve Howey,ENG,Defender,false,false,false,true,false,false,false,false,false,false,false,false,false,false,screenshot_nationality+local_enhanced_player,false,
2002/03,Stephen Brennan,IRL,Defender,false,false,false,false,true,false,false,false,false,false,false,false,false,false,manual_position_override,false,
2002/03,Bradley Orr,ENG,Defender,false,false,false,false,false,false,false,true,false,false,false,false,false,false,screenshot_nationality+local_enhanced_player,false,
2002/03,Gary Caldwell,SCO,Defender,false,false,false,false,false,false,false,true,false,false,false,false,false,false,screenshot_nationality+local_enhanced_exact,false,
2002/03,Andy O'Brien,IRL,Defender,false,false,false,true,false,false,false,false,false,false,false,false,false,false,screenshot_nationality+local_enhanced_exact,false,
2002/03,Wayne Quinn,ENG,Defender,false,false,false,true,false,false,false,false,false,false,false,false,false,false,screenshot_nationality+local_enhanced_exact,false,
2002/03,Jonathan Woodgate,ENG,Defender,false,false,false,true,false,false,false,false,false,false,false,false,false,false,screenshot_nationality+local_enhanced_exact,false,
2002/03,Titus Bramble,ENG,Defender,false,false,false,true,false,false,false,false,false,false,false,false,false,false,screenshot_nationality+local_enhanced_exact,false,
2002/03,Steven Taylor,ENG,Defender,false,false,false,true,false,false,false,false,false,false,false,false,false,false,local_enhanced_player,false,
2002/03,Olivier Bernard,FRA,Defender,false,false,false,false,true,false,false,false,false,false,false,false,false,false,screenshot_nationality+local_enhanced_player,false,
2002/03,Darren Ambrose,ENG,Midfielder,false,false,false,false,false,false,false,true,false,false,false,false,false,false,screenshot_nationality+local_enhanced_exact,false,
2002/03,Neale McDermott,ENG,Midfielder,false,false,false,false,false,false,false,true,false,false,false,false,false,false,manual_position_override,false,
2002/03,Jermaine Jenas,ENG,Midfielder,false,false,false,false,false,false,false,true,false,false,false,false,false,false,screenshot_nationality+local_enhanced_exact,false,
2002/03,Clarence Acuna,CHI,Midfielder,false,false,false,false,false,false,false,true,false,false,false,false,false,false,screenshot_nationality+local_enhanced_exact,false,
2002/03,Jamie McClen,ENG,Midfielder,false,false,false,false,false,false,false,true,false,false,false,false,false,false,screenshot_nationality+local_enhanced_exact,false,
2002/03,Brian Kerr,SCO,Midfielder,false,false,false,false,false,false,false,true,false,false,false,false,false,false,screenshot_nationality+local_enhanced_exact,false,
2002/03,Diego Gavilan,PAR,Midfielder,false,false,false,false,false,false,false,true,false,false,false,false,false,false,screenshot_nationality+local_enhanced_exact,false,
2002/03,Laurent Robert,FRA,Midfielder,false,false,false,false,false,false,false,false,false,false,false,false,true,false,screenshot_nationality+local_enhanced_exact,false,
2002/03,Gary Speed,WAL,Midfielder,false,false,false,false,false,false,false,true,false,false,false,true,false,false,screenshot_nationality+local_enhanced_exact,false,
2002/03,Nolberto Solano,PER,Midfielder,false,false,false,false,false,false,false,false,false,true,true,false,false,false,screenshot_nationality+local_enhanced_exact,false,
2002/03,Kieron Dyer,ENG,Midfielder,false,false,false,false,false,false,false,true,false,false,false,false,false,false,screenshot_nationality+local_enhanced_exact,false,
2002/03,Hugo Viana,POR,Midfielder,false,false,false,false,false,false,false,true,false,false,false,false,false,false,screenshot_nationality+local_enhanced_exact,false,
2002/03,Craig Bellamy,WAL,Forward,false,false,false,false,false,false,false,false,false,false,false,false,false,true,screenshot_nationality+local_enhanced_exact,false,
2002/03,Richard Offiong,ENG,Forward,false,false,false,false,false,false,false,false,false,false,false,false,false,true,manual_position_override,false,
2002/03,Carl Cort,GUY,Forward,false,false,false,false,false,false,false,false,false,false,false,false,false,true,screenshot_nationality+local_enhanced_exact,false,
2002/03,Tresor Lomana Lua Lua,COD,Forward,false,false,false,false,false,false,false,false,false,false,true,false,false,true,manual_position_override,false,
2002/03,Alan Shearer,ENG,Forward,false,false,false,false,false,false,false,false,false,false,false,false,false,true,screenshot_nationality+local_enhanced_exact,false,
2002/03,Shola Ameobi,NGA,Forward,false,false,false,false,false,false,false,false,false,false,false,false,false,true,screenshot_nationality+local_enhanced_exact,false,
2002/03,Michael Chopra,ENG,Forward,false,false,false,false,false,false,false,false,false,false,false,false,false,true,screenshot_nationality+local_enhanced_exact,false,
2003/04,Adam Collin,ENG,Goalkeeper,true,false,false,false,false,false,false,false,false,false,false,false,false,false,screenshot_nationality+local_enhanced_exact,false,
2003/04,Shay Given,IRL,Goalkeeper,true,false,false,false,false,false,false,false,false,false,false,false,false,false,screenshot_nationality+local_enhanced_exact,false,
2003/04,Tony Caig,ENG,Goalkeeper,true,false,false,false,false,false,false,false,false,false,false,false,false,false,screenshot_nationality+local_enhanced_exact,false,
2003/04,Steve Harper,ENG,Goalkeeper,true,false,false,false,false,false,false,false,false,false,false,false,false,false,screenshot_nationality+local_enhanced_exact,false,
2003/04,Jonathan Woodgate,ENG,Defender,false,false,false,true,false,false,false,false,false,false,false,false,false,false,screenshot_nationality+local_enhanced_exact,false,
2003/04,Wayne Quinn,ENG,Defender,false,false,false,true,false,false,false,false,false,false,false,false,false,false,screenshot_nationality+local_enhanced_exact,false,
2003/04,Andy O'Brien,IRL,Defender,false,false,false,true,false,false,false,false,false,false,false,false,false,false,screenshot_nationality+local_enhanced_exact,false,
2003/04,Steven Caldwell,SCO,Defender,false,false,false,true,false,false,false,false,false,false,false,false,false,false,manual_position_override,false,
2003/04,Andy Griffin,ENG,Defender,false,false,false,true,false,false,false,false,false,false,false,false,false,false,screenshot_nationality+local_enhanced_exact,false,
2003/04,Aaron Hughes,NIR,Defender,false,true,false,false,false,false,false,false,false,false,false,false,false,false,screenshot_nationality+local_enhanced_exact,false,
2003/04,Stephen Brennan,IRL,Defender,false,false,false,false,true,false,false,false,false,false,false,false,false,false,manual_position_override,false,
2003/04,Robbie Elliott,ENG,Defender,false,false,false,true,false,false,false,false,false,false,false,false,false,false,screenshot_nationality+local_enhanced_exact,false,
2003/04,Bradley Orr,ENG,Defender,false,false,false,false,false,false,false,true,false,false,false,false,false,false,screenshot_nationality+local_enhanced_exact,false,
2003/04,Titus Bramble,ENG,Defender,false,false,false,true,false,false,false,false,false,false,false,false,false,false,screenshot_nationality+local_enhanced_exact,false,
2003/04,Peter Ramage,ENG,Defender,false,false,false,true,false,false,false,false,false,false,false,false,false,false,screenshot_nationality+local_enhanced_player,false,
2003/04,Steven Taylor,ENG,Defender,false,false,false,true,false,false,false,false,false,false,false,false,false,false,screenshot_nationality+local_enhanced_exact,false,
2003/04,Olivier Bernard,FRA,Defender,false,false,false,false,true,false,false,false,false,false,false,false,false,false,screenshot_nationality+local_enhanced_player,false,
2003/04,Jamie McClen,ENG,Midfielder,false,false,false,false,false,false,false,true,false,false,false,false,false,false,screenshot_nationality+local_enhanced_exact,false,
2003/04,Martin Brittain,ENG,Midfielder,false,false,false,false,false,false,false,true,false,false,false,false,false,false,screenshot_nationality+local_enhanced_exact,false,
2003/04,Darren Ambrose,ENG,Midfielder,false,false,false,false,false,false,false,true,false,false,false,false,false,false,screenshot_nationality+local_enhanced_exact,false,
2003/04,Jermaine Jenas,ENG,Midfielder,false,false,false,false,false,false,false,true,false,false,false,false,false,false,screenshot_nationality+local_enhanced_exact,false,
2003/04,Brian Kerr,SCO,Midfielder,false,false,false,false,false,false,false,true,false,false,false,false,false,false,screenshot_nationality+local_enhanced_exact,false,
2003/04,Diego Gavilan,PAR,Midfielder,false,false,false,false,false,false,false,true,false,false,false,false,false,false,screenshot_nationality+local_enhanced_exact,false,
2003/04,Laurent Robert,FRA,Midfielder,false,false,false,false,false,false,false,false,false,false,false,false,true,false,screenshot_nationality+local_enhanced_exact,false,
2003/04,Gary Speed,WAL,Midfielder,false,false,false,false,false,false,false,true,false,false,false,true,false,false,screenshot_nationality+local_enhanced_exact,false,
2003/04,Kieron Dyer,ENG,Midfielder,false,false,false,false,false,false,false,true,false,false,false,false,false,false,screenshot_nationality+local_enhanced_exact,false,
2003/04,Lee Bowyer,ENG,Midfielder,false,false,false,false,false,false,false,true,false,false,false,false,false,false,screenshot_nationality+local_enhanced_exact,false,
2003/04,Hugo Viana,POR,Midfielder,false,false,false,false,false,false,false,true,false,false,false,false,false,false,screenshot_nationality+local_enhanced_exact,false,
2003/04,Tresor Lomana Lua Lua,COD,Forward,false,false,false,false,false,false,false,false,false,false,true,false,false,true,manual_position_override,false,
2003/04,Craig Bellamy,WAL,Forward,false,false,false,false,false,false,false,false,false,false,false,false,false,true,screenshot_nationality+local_enhanced_exact,false,
2003/04,Richard Offiong,ENG,Forward,false,false,false,false,false,false,false,false,false,false,false,false,false,true,manual_position_override,false,
2003/04,Michael Bridges,ENG,Forward,false,false,false,false,false,false,false,false,false,false,false,false,false,true,screenshot_nationality+local_enhanced_exact,false,
2003/04,Calvin Zola,COD,Forward,false,false,false,false,false,false,false,false,false,false,false,false,false,true,screenshot_nationality+local_enhanced_exact,false,
2003/04,Alan Shearer,ENG,Forward,false,false,false,false,false,false,false,false,false,false,false,false,false,true,screenshot_nationality+local_enhanced_exact,false,
2003/04,Shola Ameobi,NGA,Forward,false,false,false,false,false,false,false,false,false,false,false,false,false,true,screenshot_nationality+local_enhanced_exact,false,
2003/04,Michael Chopra,ENG,Forward,false,false,false,false,false,false,false,false,false,false,false,false,false,true,screenshot_nationality+local_enhanced_exact,false,
2004/05,Shay Given,IRL,Goalkeeper,true,false,false,false,false,false,false,false,false,false,false,false,false,false,screenshot_nationality+local_enhanced_exact,false,
2004/05,Tony Caig,ENG,Goalkeeper,true,false,false,false,false,false,false,false,false,false,false,false,false,false,screenshot_nationality+local_enhanced_exact,false,
2004/05,Steve Harper,ENG,Goalkeeper,true,false,false,false,false,false,false,false,false,false,false,false,false,false,screenshot_nationality+local_enhanced_exact,false,
2004/05,Stephen Brennan,IRL,Defender,false,false,false,false,true,false,false,false,false,false,false,false,false,false,manual_position_override,false,
2004/05,Andy O'Brien,IRL,Defender,false,false,false,true,false,false,false,false,false,false,false,false,false,false,screenshot_nationality+local_enhanced_exact,false,
2004/05,Robbie Elliott,ENG,Defender,false,false,false,true,false,false,false,false,false,false,false,false,false,false,screenshot_nationality+local_enhanced_exact,false,
2004/05,Aaron Hughes,NIR,Defender,false,true,false,false,false,false,false,false,false,false,false,false,false,false,screenshot_nationality+local_enhanced_exact,false,
2004/05,Jean-Alain Boumsong,FRA,Defender,false,false,false,true,false,false,false,false,false,false,false,false,false,false,screenshot_nationality+local_enhanced_exact,false,
2004/05,Stephen Carr,IRL,Defender,false,false,false,true,false,false,false,false,false,false,false,false,false,false,screenshot_nationality+local_enhanced_player,false,
2004/05,Titus Bramble,ENG,Defender,false,false,false,true,false,false,false,false,false,false,false,false,false,false,screenshot_nationality+local_enhanced_exact,false,
2004/05,Ronny Johnsen,NOR,Defender,false,false,false,true,false,false,false,false,false,false,false,false,false,false,screenshot_nationality+local_enhanced_exact,false,
2004/05,Peter Ramage,ENG,Defender,false,false,false,true,false,false,false,false,false,false,false,false,false,false,screenshot_nationality+local_enhanced_exact,false,
2004/05,Steven Taylor,ENG,Defender,false,false,false,true,false,false,false,false,false,false,false,false,false,false,screenshot_nationality+local_enhanced_exact,false,
2004/05,Celestine Babayaro,NGA,Defender,false,false,false,true,false,false,false,false,false,false,false,false,false,false,screenshot_nationality+local_enhanced_exact,false,
2004/05,Amdy Faye,SEN,Midfielder,false,false,false,false,false,false,false,true,false,false,false,false,false,false,screenshot_nationality+local_enhanced_exact,false,
2004/05,Jamie McClen,ENG,Midfielder,false,false,false,false,false,false,false,true,false,false,false,false,false,false,screenshot_nationality+local_enhanced_exact,false,
2004/05,Laurent Robert,FRA,Midfielder,false,false,false,false,false,false,false,false,false,false,false,false,true,false,screenshot_nationality+local_enhanced_exact,false,
2004/05,Jermaine Jenas,ENG,Midfielder,false,false,false,false,false,false,false,true,false,false,false,false,false,false,screenshot_nationality+local_enhanced_exact,false,
2004/05,Darren Ambrose,ENG,Midfielder,false,false,false,false,false,false,false,true,false,false,false,false,false,false,screenshot_nationality+local_enhanced_exact,false,
2004/05,Martin Brittain,ENG,Midfielder,false,false,false,false,false,false,false,true,false,false,false,false,false,false,screenshot_nationality+local_enhanced_exact,false,
2004/05,Kieron Dyer,ENG,Midfielder,false,false,false,false,false,false,false,true,false,false,false,false,false,false,screenshot_nationality+local_enhanced_exact,false,
2004/05,Lee Bowyer,ENG,Midfielder,false,false,false,false,false,false,false,true,false,false,false,false,false,false,screenshot_nationality+local_enhanced_exact,false,
2004/05,Charles N'Zogbia,FRA,Midfielder,false,false,false,false,false,false,false,false,false,false,false,false,true,false,screenshot_nationality+local_enhanced_exact,false,
2004/05,James Milner,ENG,Midfielder,false,false,false,false,false,false,false,true,false,false,false,false,false,false,screenshot_nationality+local_enhanced_exact,false,
2004/05,Nicky Butt,ENG,Midfielder,false,false,false,false,false,false,true,false,false,false,false,false,false,false,screenshot_nationality+local_enhanced_exact,false,
2004/05,Alan O'Brien,IRL,Midfielder,false,false,false,false,false,false,false,true,false,false,false,false,false,false,screenshot_nationality+local_enhanced_player,false,
2004/05,Hugo Viana,POR,Midfielder,false,false,false,false,false,false,false,true,false,false,false,false,false,false,screenshot_nationality+local_enhanced_exact,false,
2004/05,Craig Bellamy,WAL,Forward,false,false,false,false,false,false,false,false,false,false,false,false,false,true,screenshot_nationality+local_enhanced_exact,false,
2004/05,Patrick Kluivert,NED,Forward,false,false,false,false,false,false,false,false,false,false,false,false,false,true,screenshot_nationality+local_enhanced_exact,false,
2004/05,Alan Shearer,ENG,Forward,false,false,false,false,false,false,false,false,false,false,false,false,false,true,screenshot_nationality+local_enhanced_exact,false,
2004/05,Shola Ameobi,NGA,Forward,false,false,false,false,false,false,false,false,false,false,false,false,false,true,screenshot_nationality+local_enhanced_exact,false,
2004/05,Michael Chopra,ENG,Forward,false,false,false,false,false,false,false,false,false,false,false,false,false,true,screenshot_nationality+local_enhanced_exact,false,
2005/06,Mark Cook,ENG,Goalkeeper,true,false,false,false,false,false,false,false,false,false,false,false,false,false,manual_position_override,false,
2005/06,Shay Given,IRL,Goalkeeper,true,false,false,false,false,false,false,false,false,false,false,false,false,false,screenshot_nationality+local_enhanced_exact,false,
2005/06,Tony Caig,ENG,Goalkeeper,true,false,false,false,false,false,false,false,false,false,false,false,false,false,screenshot_nationality+local_enhanced_exact,false,
2005/06,Steve Harper,ENG,Goalkeeper,true,false,false,false,false,false,false,false,false,false,false,false,false,false,screenshot_nationality+local_enhanced_exact,false,
2005/06,Stephen Carr,IRL,Defender,false,false,false,true,false,false,false,false,false,false,false,false,false,false,screenshot_nationality+local_enhanced_exact,false,
2005/06,Robbie Elliott,ENG,Defender,false,false,false,true,false,false,false,false,false,false,false,false,false,false,screenshot_nationality+local_enhanced_exact,false,
2005/06,Jean-Alain Boumsong,FRA,Defender,false,false,false,true,false,false,false,false,false,false,false,false,false,false,screenshot_nationality+local_enhanced_exact,false,
2005/06,Craig Moore,AUS,Defender,false,false,false,true,false,false,false,false,false,false,false,false,false,false,screenshot_nationality+local_enhanced_exact,false,
2005/06,Titus Bramble,ENG,Defender,false,false,false,true,false,false,false,false,false,false,false,false,false,false,screenshot_nationality+local_enhanced_exact,false,
2005/06,Peter Ramage,ENG,Defender,false,false,false,true,false,false,false,false,false,false,false,false,false,false,screenshot_nationality+local_enhanced_exact,false,
2005/06,Steven Taylor,ENG,Defender,false,false,false,true,false,false,false,false,false,false,false,false,false,false,screenshot_nationality+local_enhanced_exact,false,
2005/06,Celestine Babayaro,NGA,Defender,false,false,false,true,false,false,false,false,false,false,false,false,false,false,screenshot_nationality+local_enhanced_exact,false,
2005/06,Kris Gate,ENG,Defender,false,false,false,true,false,false,false,false,false,false,false,false,false,false,screenshot_nationality+local_enhanced_exact,false,
2005/06,Paul Huntington,ENG,Defender,false,false,false,true,false,false,false,false,false,false,false,false,false,false,screenshot_nationality+local_enhanced_exact,false,
2005/06,Nolberto Solano,PER,Midfielder,false,false,false,false,false,false,false,false,false,true,true,false,false,false,screenshot_nationality+local_enhanced_exact,false,
2005/06,Emre,TUR,Midfielder,false,false,false,false,false,false,false,true,true,false,false,false,false,false,manual_position_override,false,
2005/06,Kieron Dyer,ENG,Midfielder,false,false,false,false,false,false,false,true,false,false,false,false,false,false,screenshot_nationality+local_enhanced_exact,false,
2005/06,Lee Bowyer,ENG,Midfielder,false,false,false,false,false,false,false,true,false,false,false,false,false,false,screenshot_nationality+local_enhanced_exact,false,
2005/06,Charles N'Zogbia,FRA,Midfielder,false,false,false,false,false,false,false,false,false,false,false,false,true,false,screenshot_nationality+local_enhanced_exact,false,
2005/06,Amdy Faye,SEN,Midfielder,false,false,false,false,false,false,false,true,false,false,false,false,false,false,screenshot_nationality+local_enhanced_exact,false,
2005/06,James Milner,ENG,Midfielder,false,false,false,false,false,false,false,true,false,false,false,false,false,false,screenshot_nationality+local_enhanced_exact,false,
2005/06,Scott Parker,ENG,Midfielder,false,false,false,false,false,false,false,true,false,false,false,false,false,false,screenshot_nationality+local_enhanced_exact,false,
2005/06,Lee Clark,ENG,Midfielder,false,false,false,false,false,false,false,true,false,false,false,false,false,false,screenshot_nationality+local_enhanced_exact,false,
2005/06,Nicky Butt,ENG,Midfielder,false,false,false,false,false,false,true,false,false,false,false,false,false,false,local_enhanced_player,false,
2005/06,Matty Pattison,RSA,Midfielder,false,false,false,false,false,false,false,true,false,false,false,false,false,false,screenshot_nationality+local_enhanced_exact,false,
2005/06,Alan O'Brien,IRL,Midfielder,false,false,false,false,false,false,false,true,false,false,false,false,false,false,screenshot_nationality+local_enhanced_exact,false,
2005/06,Martin Brittain,ENG,Midfielder,false,false,false,false,false,false,false,true,false,false,false,false,false,false,screenshot_nationality+local_enhanced_exact,false,
2005/06,Albert Luque,ESP,Forward,false,false,false,false,false,false,false,false,false,false,false,false,false,true,screenshot_nationality+local_enhanced_exact,false,
2005/06,Alan Shearer,ENG,Forward,false,false,false,false,false,false,false,false,false,false,false,false,false,true,screenshot_nationality+local_enhanced_exact,false,
2005/06,Michael Owen,ENG,Forward,false,false,false,false,false,false,false,false,false,false,false,false,false,true,screenshot_nationality+local_enhanced_exact,false,
2005/06,Shola Ameobi,NGA,Forward,false,false,false,false,false,false,false,false,false,false,false,false,false,true,screenshot_nationality+local_enhanced_exact,false,
2005/06,Michael Chopra,ENG,Forward,false,false,false,false,false,false,false,false,false,false,false,false,false,true,screenshot_nationality+local_enhanced_exact,false,
2006/07,Mark Cook,ENG,Goalkeeper,true,false,false,false,false,false,false,false,false,false,false,false,false,false,manual_position_override,false,
2006/07,Pavel Srnicek,CZE,Goalkeeper,true,false,false,false,false,false,false,false,false,false,false,false,false,false,screenshot_nationality+local_enhanced_exact,false,
2006/07,Shay Given,IRL,Goalkeeper,true,false,false,false,false,false,false,false,false,false,false,false,false,false,screenshot_nationality+local_enhanced_exact,false,
2006/07,Tim Krul,NED,Goalkeeper,true,false,false,false,false,false,false,false,false,false,false,false,false,false,screenshot_nationality+local_enhanced_exact,false,
2006/07,Fraser Forster,ENG,Goalkeeper,true,false,false,false,false,false,false,false,false,false,false,false,false,false,screenshot_nationality+local_enhanced_exact,false,
2006/07,Steve Harper,ENG,Goalkeeper,true,false,false,false,false,false,false,false,false,false,false,false,false,false,screenshot_nationality+local_enhanced_exact,false,
2006/07,Olivier Bernard,FRA,Defender,false,false,false,false,true,false,false,false,false,false,false,false,false,false,screenshot_nationality+local_enhanced_exact,false,
2006/07,Stephen Carr,IRL,Defender,false,false,false,true,false,false,false,false,false,false,false,false,false,false,screenshot_nationality+local_enhanced_exact,false,
2006/07,Oguchi Onyewu,USA,Defender,false,false,false,true,false,false,false,false,false,false,false,false,false,false,screenshot_nationality+local_enhanced_exact,false,
2006/07,Craig Moore,AUS,Defender,false,false,false,true,false,false,false,false,false,false,false,false,false,false,screenshot_nationality+local_enhanced_exact,false,
2006/07,Titus Bramble,ENG,Defender,false,false,false,true,false,false,false,false,false,false,false,false,false,false,screenshot_nationality+local_enhanced_exact,false,
2006/07,Peter Ramage,ENG,Defender,false,false,false,true,false,false,false,false,false,false,false,false,false,false,screenshot_nationality+local_enhanced_exact,false,
2006/07,Steven Taylor,ENG,Defender,false,false,false,true,false,false,false,false,false,false,false,false,false,false,screenshot_nationality+local_enhanced_exact,false,
2006/07,David Edgar,CAN,Defender,false,false,false,true,false,false,false,false,false,false,false,false,false,false,screenshot_nationality+local_enhanced_exact,false,
2006/07,Paul Huntington,ENG,Defender,false,false,false,true,false,false,false,false,false,false,false,false,false,false,screenshot_nationality+local_enhanced_exact,false,
2006/07,Celestine Babayaro,NGA,Defender,false,false,false,true,false,false,false,false,false,false,false,false,false,false,screenshot_nationality+local_enhanced_exact,false,
2006/07,Kris Gate,ENG,Defender,false,false,false,true,false,false,false,false,false,false,false,false,false,false,screenshot_nationality+local_enhanced_exact,false,
2006/07,Lee Clark,ENG,Midfielder,false,false,false,false,false,false,false,true,false,false,false,false,false,false,screenshot_nationality+local_enhanced_exact,false,
2006/07,Emre,TUR,Midfielder,false,false,false,false,false,false,false,true,true,false,false,false,false,false,manual_position_override,false,
2006/07,Kieron Dyer,ENG,Midfielder,false,false,false,false,false,false,false,true,false,false,false,false,false,false,screenshot_nationality+local_enhanced_exact,false,
2006/07,Damien Duff,IRL,Midfielder,false,false,false,false,false,false,false,true,false,false,false,false,false,false,screenshot_nationality+local_enhanced_exact,false,
2006/07,Charles N'Zogbia,FRA,Midfielder,false,false,false,false,false,false,false,false,false,false,false,false,true,false,screenshot_nationality+local_enhanced_exact,false,
2006/07,Nolberto Solano,PER,Midfielder,false,false,false,false,false,false,false,false,false,true,true,false,false,false,screenshot_nationality+local_enhanced_exact,false,
2006/07,James Milner,ENG,Midfielder,false,false,false,false,false,false,false,true,false,false,false,false,false,false,screenshot_nationality+local_enhanced_exact,false,
2006/07,Scott Parker,ENG,Midfielder,false,false,false,false,false,false,false,true,false,false,false,false,false,false,screenshot_nationality+local_enhanced_exact,false,
2006/07,Antoine Sibierski,FRA,Midfielder,false,false,false,false,false,false,false,true,false,false,false,false,false,false,screenshot_nationality+local_enhanced_exact,false,
2006/07,Nicky Butt,ENG,Midfielder,false,false,false,false,false,false,true,false,false,false,false,false,false,false,screenshot_nationality+local_enhanced_exact,false,
2006/07,Kazenga Lua Lua,COD,Midfielder,false,false,false,false,false,false,false,false,false,false,true,false,true,false,manual_position_override,false,
2006/07,Matthew Pattison,RSA,Midfielder,false,false,false,false,false,false,false,true,false,false,false,false,false,false,manual_position_override,false,
2006/07,James Troisi,AUS,Midfielder,false,false,false,false,false,false,false,false,false,false,false,false,false,true,screenshot_nationality+local_enhanced_exact,false,
2006/07,Alan O'Brien,IRL,Midfielder,false,false,false,false,false,false,false,true,false,false,false,false,false,false,screenshot_nationality+local_enhanced_exact,false,
2006/07,Andy Carroll,ENG,Forward,false,false,false,false,false,false,false,false,false,false,false,false,false,true,local_enhanced_player,false,
2006/07,Obafemi Martins,NGA,Forward,false,false,false,false,false,false,false,false,false,false,false,false,false,true,screenshot_nationality+local_enhanced_exact,false,
2006/07,Michael Owen,ENG,Forward,false,false,false,false,false,false,false,false,false,false,false,false,false,true,screenshot_nationality+local_enhanced_exact,false,
2006/07,Albert Luque,ESP,Forward,false,false,false,false,false,false,false,false,false,false,false,false,false,true,screenshot_nationality+local_enhanced_exact,false,
2006/07,Shola Ameobi,NGA,Forward,false,false,false,false,false,false,false,false,false,false,false,false,false,true,screenshot_nationality+local_enhanced_exact,false,
2007/08,Mark Cook,ENG,Goalkeeper,true,false,false,false,false,false,false,false,false,false,false,false,false,false,manual_position_override,false,
2007/08,Shay Given,IRL,Goalkeeper,true,false,false,false,false,false,false,false,false,false,false,false,false,false,screenshot_nationality+local_enhanced_exact,false,
2007/08,Tim Krul,NED,Goalkeeper,true,false,false,false,false,false,false,false,false,false,false,false,false,false,screenshot_nationality+local_enhanced_exact,false,
2007/08,Fraser Forster,ENG,Goalkeeper,true,false,false,false,false,false,false,false,false,false,false,false,false,false,screenshot_nationality+local_enhanced_exact,false,
2007/08,Steve Harper,ENG,Goalkeeper,true,false,false,false,false,false,false,false,false,false,false,false,false,false,screenshot_nationality+local_enhanced_exact,false,
2007/08,Stephen Carr,IRL,Defender,false,false,false,true,false,false,false,false,false,false,false,false,false,false,screenshot_nationality+local_enhanced_exact,false,
2007/08,Jose Enrique,ESP,Defender,false,false,false,false,true,false,false,false,false,false,false,false,false,false,screenshot_nationality+local_enhanced_exact,false,
2007/08,Claudio Cacapa,BRA,Defender,false,false,false,true,false,false,false,false,false,false,false,false,false,false,screenshot_nationality+local_enhanced_exact,false,
2007/08,Lamine Diatta,SEN,Defender,false,false,false,true,false,false,false,false,false,false,false,false,false,false,screenshot_nationality+local_enhanced_exact,false,
2007/08,Habib Beye,SEN,Defender,false,true,false,false,false,false,false,false,false,false,false,false,false,false,screenshot_nationality+local_enhanced_exact,false,
2007/08,Abdoulaye Faye,SEN,Defender,false,false,false,true,false,false,false,false,false,false,false,false,false,false,manual_position_override,false,
2007/08,Peter Ramage,ENG,Defender,false,false,false,true,false,false,false,false,false,false,false,false,false,false,screenshot_nationality+local_enhanced_exact,false,
2007/08,Steven Taylor,ENG,Defender,false,false,false,true,false,false,false,false,false,false,false,false,false,false,screenshot_nationality+local_enhanced_exact,false,
2007/08,David Edgar,CAN,Defender,false,false,false,true,false,false,false,false,false,false,false,false,false,false,screenshot_nationality+local_enhanced_exact,false,
2007/08,Celestine Babayaro,NGA,Defender,false,false,false,true,false,false,false,false,false,false,false,false,false,false,screenshot_nationality+local_enhanced_exact,false,
2007/08,Ben Tozer,ENG,Defender,false,false,false,true,false,false,false,false,false,false,false,false,false,false,screenshot_nationality+local_enhanced_exact,false,
2007/08,Tamas Kadar,HUN,Defender,false,false,false,true,false,false,false,false,false,false,false,false,false,false,local_enhanced_player,false,
2007/08,Emre,TUR,Midfielder,false,false,false,false,false,false,false,true,true,false,false,false,false,false,manual_position_override,false,
2007/08,Joey Barton,ENG,Midfielder,false,false,false,false,false,false,false,true,false,false,false,false,false,false,screenshot_nationality+local_enhanced_exact,false,
2007/08,Damien Duff,IRL,Midfielder,false,false,false,false,false,false,false,true,false,false,false,false,false,false,screenshot_nationality+local_enhanced_exact,false,
2007/08,Charles N'Zogbia,FRA,Midfielder,false,false,false,false,false,false,false,false,false,false,false,false,true,false,screenshot_nationality+local_enhanced_exact,false,
2007/08,James Milner,ENG,Midfielder,false,false,false,false,false,false,false,true,false,false,false,false,false,false,screenshot_nationality+local_enhanced_exact,false,
2007/08,Alan Smith,ENG,Midfielder,false,false,false,false,false,false,false,false,false,false,false,false,false,true,screenshot_nationality+local_enhanced_exact,false,
2007/08,Geremi,CMR,Midfielder,false,false,false,false,false,false,false,true,false,false,false,false,false,false,screenshot_nationality+local_enhanced_exact,false,
2007/08,Nicky Butt,ENG,Midfielder,false,false,false,false,false,false,true,false,false,false,false,false,false,false,screenshot_nationality+local_enhanced_exact,false,
2007/08,Kazenga Lua Lua,COD,Midfielder,false,false,false,false,false,false,false,false,false,false,true,false,true,false,manual_position_override,false,
2007/08,James Troisi,AUS,Midfielder,false,false,false,false,false,false,false,false,false,false,false,false,false,true,screenshot_nationality+local_enhanced_exact,false,
2007/08,Obafemi Martins,NGA,Forward,false,false,false,false,false,false,false,false,false,false,false,false,false,true,screenshot_nationality+local_enhanced_exact,false,
2007/08,Andy Carroll,ENG,Forward,false,false,false,false,false,false,false,false,false,false,false,false,false,true,local_enhanced_player,false,
2007/08,Michael Owen,ENG,Forward,false,false,false,false,false,false,false,false,false,false,false,false,false,true,screenshot_nationality+local_enhanced_exact,false,
2007/08,Shola Ameobi,NGA,Forward,false,false,false,false,false,false,false,false,false,false,false,false,false,true,screenshot_nationality+local_enhanced_exact,false,
2007/08,Fabio Zamblera,ITA,Forward,false,false,false,false,false,false,false,false,false,false,false,false,false,true,local_enhanced_player,false,
2007/08,Mark Viduka,AUS,Forward,false,false,false,false,false,false,false,false,false,false,false,false,false,true,screenshot_nationality+local_enhanced_exact,false,
2008/09,Tim Krul,NED,Goalkeeper,true,false,false,false,false,false,false,false,false,false,false,false,false,false,local_enhanced_exact,false,
2008/09,Fraser Forster,ENG,Goalkeeper,true,false,false,false,false,false,false,false,false,false,false,false,false,false,local_enhanced_exact,false,
2008/09,Steve Harper,ENG,Goalkeeper,true,false,false,false,false,false,false,false,false,false,false,false,false,false,local_enhanced_exact,false,
2008/09,Fabricio Coloccini,ARG,Defender,false,false,false,true,false,false,false,false,false,false,false,false,false,false,local_enhanced_exact,false,
2008/09,Jose Enrique,ESP,Defender,false,false,false,false,true,false,false,false,false,false,false,false,false,false,local_enhanced_exact,false,
2008/09,Claudio Cacapa,BRA,Defender,false,false,false,true,false,false,false,false,false,false,false,false,false,false,local_enhanced_exact,false,
2008/09,Sebastien Bassong,CMR,Defender,false,false,false,true,false,false,false,false,false,false,false,false,false,false,local_enhanced_exact,false,
2008/09,Ryan Taylor,ENG,Defender,false,false,false,true,false,false,false,false,false,false,false,false,false,false,local_enhanced_exact,false,
2008/09,Habib Beye,SEN,Defender,false,true,false,false,false,false,false,false,false,false,false,false,false,false,local_enhanced_exact,false,
2008/09,Steven Taylor,ENG,Defender,false,false,false,true,false,false,false,false,false,false,false,false,false,false,local_enhanced_exact,false,
2008/09,David Edgar,CAN,Defender,false,false,false,true,false,false,false,false,false,false,false,false,false,false,local_enhanced_exact,false,
2008/09,Ben Tozer,ENG,Defender,false,false,false,true,false,false,false,false,false,false,false,false,false,false,local_enhanced_exact,false,
2008/09,Tamas Kadar,HUN,Defender,false,false,false,true,false,false,false,false,false,false,false,false,false,false,local_enhanced_exact,false,
2008/09,Kevin Nolan,ENG,Midfielder,false,false,false,false,false,false,false,true,false,false,false,false,false,false,local_enhanced_exact,false,
2008/09,Joey Barton,ENG,Midfielder,false,false,false,false,false,false,false,true,false,false,false,false,false,false,local_enhanced_exact,false,
2008/09,Danny Guthrie,ENG,Midfielder,false,false,false,false,false,false,false,true,false,false,false,false,false,false,local_enhanced_exact,false,
2008/09,Damien Duff,IRL,Midfielder,false,false,false,false,false,false,false,true,false,false,false,false,false,false,local_enhanced_exact,false,
2008/09,Nacho Gonzalez,URU,Midfielder,false,false,false,false,false,false,false,true,false,false,false,false,false,false,local_enhanced_exact,false,
2008/09,Alan Smith,ENG,Midfielder,false,false,false,false,false,false,false,false,false,false,false,false,false,true,local_enhanced_exact,false,
2008/09,Jonas Gutierrez,ARG,Midfielder,false,false,false,false,false,false,false,false,false,false,false,true,true,false,local_enhanced_exact,false,
2008/09,Geremi,CMR,Midfielder,false,false,false,false,false,false,false,true,false,false,false,false,false,false,local_enhanced_exact,false,
2008/09,Nicky Butt,ENG,Midfielder,false,false,false,false,false,false,true,false,false,false,false,false,false,false,local_enhanced_exact,false,
2008/09,Kazenga Lua Lua,COD,Midfielder,false,false,false,false,false,false,false,false,false,false,true,false,true,false,manual_position_override,false,
2008/09,Haris Vuckic,SVN,Midfielder,false,false,false,false,false,false,false,true,false,false,false,false,false,false,local_enhanced_player,false,
2008/09,Bradden Inman,AUS,Midfielder,false,false,false,false,false,false,false,true,false,false,false,false,false,false,local_enhanced_exact,false,
2008/09,Mark Doninger,ENG,Midfielder,false,false,false,false,false,false,false,true,false,false,false,false,false,false,local_enhanced_exact,false,
2008/09,Jonny Godsmark,ENG,Midfielder,false,false,false,false,false,false,false,true,false,false,false,false,false,false,local_enhanced_exact,false,
2008/09,Andy Carroll,ENG,Forward,false,false,false,false,false,false,false,false,false,false,false,false,false,true,local_enhanced_exact,false,
2008/09,Obafemi Martins,NGA,Forward,false,false,false,false,false,false,false,false,false,false,false,false,false,true,local_enhanced_exact,false,
2008/09,Michael Owen,ENG,Forward,false,false,false,false,false,false,false,false,false,false,false,false,false,true,local_enhanced_exact,false,
2008/09,Peter Lovenkrands,DEN,Forward,false,false,false,false,false,false,false,false,false,false,false,false,true,true,manual_position_override,false,
2008/09,Shola Ameobi,ENG,Forward,false,false,false,false,false,false,false,false,false,false,false,false,false,true,local_enhanced_exact,false,
2008/09,Fabio Zamblera,ITA,Forward,false,false,false,false,false,false,false,false,false,false,false,false,false,true,local_enhanced_exact,false,
2008/09,Nile Ranger,ENG,Forward,false,false,false,false,false,false,false,false,false,false,false,false,false,true,local_enhanced_exact,false,
2008/09,Frank Wiafe Danquah,NED,Forward,false,false,false,false,false,false,false,false,false,false,false,false,false,true,local_enhanced_exact,false,
2008/09,Ryan Donaldson,ENG,Forward,false,false,false,false,false,false,false,false,false,false,false,false,false,true,local_enhanced_exact,false,
2008/09,Xisco,ESP,Forward,false,false,false,false,false,false,false,false,false,false,false,false,false,true,local_enhanced_exact,false,
2008/09,Mark Viduka,AUS,Forward,false,false,false,false,false,false,false,false,false,false,false,false,false,true,local_enhanced_exact,false,
2009/10,Steve Harper,ENG,Goalkeeper,true,false,false,false,false,false,false,false,false,false,false,false,false,false,screenshot,false,
2009/10,Tim Krul,NED,Goalkeeper,true,false,false,false,false,false,false,false,false,false,false,false,false,false,screenshot,false,
2009/10,Fabricio Coloccini,ARG,Defender,false,false,false,true,false,false,false,false,false,false,false,false,false,false,screenshot,false,
2009/10,Jose Enrique,ESP,Defender,false,false,false,false,true,false,false,false,false,false,false,false,false,false,screenshot,false,
2009/10,Fitz Hall,ENG,Defender,false,false,false,true,false,false,false,false,false,false,false,false,false,false,screenshot,false,
2009/10,Mike Williamson,ENG,Defender,false,false,false,true,false,false,false,false,false,false,false,false,false,false,screenshot,false,
2009/10,Danny Simpson,ENG,Defender,false,true,false,false,false,false,false,false,false,false,false,false,false,false,screenshot,false,
2009/10,Ryan Taylor,ENG,Defender,false,true,false,false,false,false,false,false,false,false,false,false,false,false,screenshot,false,
2009/10,Steven Taylor,ENG,Defender,false,false,false,true,false,false,false,false,false,false,false,false,false,false,screenshot,false,
2009/10,Tamas Kadar,HUN,Defender,false,false,false,true,false,false,false,false,false,false,false,false,false,false,screenshot,false,
2009/10,Ben Tozer,ENG,Defender,false,false,false,true,false,false,false,false,false,false,false,false,false,false,screenshot,false,
2009/10,James Tavernier,ENG,Defender,false,true,false,false,false,false,false,false,false,false,false,false,false,false,screenshot,false,
2009/10,Kevin Nolan,ENG,Midfielder,false,false,false,false,false,false,false,true,false,false,false,false,false,false,screenshot,false,
2009/10,Joey Barton,ENG,Midfielder,false,false,false,false,false,false,false,true,false,false,false,false,false,false,screenshot,false,
2009/10,Danny Guthrie,ENG,Midfielder,false,false,false,false,false,false,false,true,false,false,false,false,false,false,screenshot,false,
2009/10,Wayne Routledge,ENG,Midfielder,false,false,false,false,false,false,false,false,false,false,true,false,false,false,screenshot,false,
2009/10,Alan Smith,ENG,Midfielder,false,false,false,false,false,false,false,true,false,false,false,false,false,false,screenshot,false,
2009/10,Jonas Gutierrez,ARG,Midfielder,false,false,false,false,false,false,false,false,false,false,false,true,true,false,screenshot,false,
2009/10,Fabrice Pancrate,FRA,Midfielder,false,false,false,false,false,false,false,false,false,true,false,false,false,false,screenshot,false,
2009/10,Nicky Butt,ENG,Midfielder,false,false,false,false,false,false,false,true,false,false,false,false,false,false,screenshot,false,
2009/10,Kazenga LuaLua,COD,Midfielder,false,false,false,false,false,false,false,false,false,false,true,false,false,false,screenshot,false,
2009/10,Haris Vuckic,SVN,Midfielder,false,false,false,false,false,false,false,false,true,false,false,false,false,false,screenshot,false,
2009/10,Peter Lovenkrands,DEN,Forward,false,false,false,false,false,false,false,false,false,false,false,false,false,true,screenshot,false,
2009/10,Leon Best,IRL,Forward,false,false,false,false,false,false,false,false,false,false,false,false,false,true,screenshot,false,
2009/10,Shola Ameobi,ENG,Forward,false,false,false,false,false,false,false,false,false,false,false,false,false,true,screenshot,false,
2009/10,Andy Carroll,ENG,Forward,false,false,false,false,false,false,false,false,false,false,false,false,false,true,screenshot,false,
2009/10,Nile Ranger,ENG,Forward,false,false,false,false,false,false,false,false,false,false,false,false,false,true,screenshot,false,
2009/10,Ryan Donaldson,ENG,Forward,false,false,false,false,false,false,false,false,false,false,false,false,false,true,screenshot,false,
2010/11,Tim Krul,NED,Goalkeeper,true,false,false,false,false,false,false,false,false,false,false,false,false,false,local_enhanced_exact,false,
2010/11,Fraser Forster,ENG,Goalkeeper,true,false,false,false,false,false,false,false,false,false,false,false,false,false,local_enhanced_exact,false,
2010/11,Ole Soderberg,SWE,Goalkeeper,true,false,false,false,false,false,false,false,false,false,false,false,false,false,local_enhanced_exact,false,
2010/11,Steve Harper,ENG,Goalkeeper,true,false,false,false,false,false,false,false,false,false,false,false,false,false,local_enhanced_exact,false,
2010/11,Matthew Grieve,ENG,Defender,false,false,false,true,false,false,false,false,false,false,false,false,false,false,manual_position_override,false,
2010/11,Fabricio Coloccini,ARG,Defender,false,false,false,true,false,false,false,false,false,false,false,false,false,false,local_enhanced_exact,false,
2010/11,Jose Enrique,ESP,Defender,false,false,false,false,true,false,false,false,false,false,false,false,false,false,local_enhanced_exact,false,
2010/11,Ryan Taylor,ENG,Defender,false,false,false,true,false,false,false,false,false,false,false,false,false,false,local_enhanced_exact,false,
2010/11,Danny Simpson,ENG,Defender,false,false,false,true,false,false,false,false,false,false,false,false,false,false,local_enhanced_exact,false,
2010/11,Sol Campbell,ENG,Defender,false,false,false,true,false,false,false,false,false,false,false,false,false,false,local_enhanced_exact,false,
2010/11,Mike Williamson,ENG,Defender,false,false,false,true,false,false,false,false,false,false,false,false,false,false,manual_position_override,false,
2010/11,James Perch,ENG,Defender,false,false,false,true,false,false,false,false,false,false,false,false,false,false,local_enhanced_exact,false,
2010/11,Steven Taylor,ENG,Defender,false,false,false,true,false,false,false,false,false,false,false,false,false,false,local_enhanced_exact,false,
2010/11,James Tavernier,ENG,Defender,false,false,false,true,false,false,false,false,false,false,false,false,false,false,local_enhanced_exact,false,
2010/11,Shane Ferguson,NIR,Defender,false,false,false,false,false,false,false,true,false,false,false,false,false,false,local_enhanced_exact,false,
2010/11,Ben Tozer,ENG,Defender,false,false,false,true,false,false,false,false,false,false,false,false,false,false,local_enhanced_player,false,
2010/11,Tamas Kadar,HUN,Defender,false,false,false,true,false,false,false,false,false,false,false,false,false,false,local_enhanced_exact,false,
2010/11,Patrick McLaughlin,NIR,Midfielder,false,false,false,false,false,false,false,true,false,false,false,false,false,false,manual_position_override,false,
2010/11,Marcus Maddison,ENG,Midfielder,false,false,false,false,false,false,false,false,true,false,true,false,false,false,manual_position_override,false,
2010/11,Kevin Nolan,ENG,Midfielder,false,false,false,false,false,false,false,true,false,false,false,false,false,false,local_enhanced_exact,false,
2010/11,Joey Barton,ENG,Midfielder,false,false,false,false,false,false,false,true,false,false,false,false,false,false,local_enhanced_exact,false,
2010/11,Danny Guthrie,ENG,Midfielder,false,false,false,false,false,false,false,true,false,false,false,false,false,false,local_enhanced_exact,false,
2010/11,Stephen Ireland,IRL,Midfielder,false,false,false,false,false,false,false,true,false,false,false,false,false,false,local_enhanced_exact,false,
2010/11,Wayne Routledge,ENG,Midfielder,false,false,false,false,false,false,false,true,false,false,false,false,false,false,local_enhanced_exact,false,
2010/11,Dan Gosling,ENG,Midfielder,false,false,false,false,false,false,false,true,false,false,false,false,false,false,local_enhanced_exact,false,
2010/11,Alan Smith,ENG,Midfielder,false,false,false,false,false,false,false,false,false,false,false,false,false,true,local_enhanced_exact,false,
2010/11,Jonas Gutierrez,ARG,Midfielder,false,false,false,false,false,false,false,false,false,false,false,true,true,false,local_enhanced_exact,false,
2010/11,Haris Vuckic,SVN,Midfielder,false,false,false,false,false,false,false,true,false,false,false,false,false,false,local_enhanced_exact,false,
2010/11,Cheik Tiote,CIV,Midfielder,false,false,false,false,false,false,true,true,false,false,false,false,false,false,manual_position_override,false,
2010/11,Kazenga LuaLua,COD,Midfielder,false,false,false,false,false,false,false,false,false,false,false,false,false,true,local_enhanced_exact,false,
2010/11,Hatem Ben Arfa,FRA,Midfielder,false,false,false,false,false,false,false,false,false,true,true,false,false,false,local_enhanced_exact,false,
2010/11,Sammy Ameobi,ENG,Midfielder,false,false,false,false,false,false,false,false,false,false,false,false,false,true,local_enhanced_exact,false,
2010/11,Bradden Inman,AUS,Midfielder,false,false,false,false,false,false,false,true,false,false,false,false,false,false,local_enhanced_exact,false,
2010/11,Michael Richardson,ENG,Midfielder,false,false,false,false,false,false,false,true,false,false,false,false,false,false,local_enhanced_exact,false,
2010/11,Phil Airey,ENG,Forward,false,false,false,false,false,false,false,false,false,false,false,false,false,true,local_enhanced_exact,false,
2010/11,JJ Hooper,ENG,Forward,false,false,false,false,false,false,false,false,false,false,false,false,false,true,manual_position_override,false,
2010/11,Peter Lovenkrands,DEN,Forward,false,false,false,false,false,false,false,false,false,false,false,false,true,true,manual_position_override,false,
2010/11,Leon Best,IRL,Forward,false,false,false,false,false,false,false,false,false,false,false,false,false,true,local_enhanced_exact,false,
2010/11,Shola Ameobi,ENG,Forward,false,false,false,false,false,false,false,false,false,false,false,false,false,true,local_enhanced_exact,false,
2010/11,Nile Ranger,ENG,Forward,false,false,false,false,false,false,false,false,false,false,false,false,false,true,local_enhanced_exact,false,
2010/11,Xisco,ESP,Forward,false,false,false,false,false,false,false,false,false,false,false,false,false,true,local_enhanced_exact,false,
2010/11,Ryan Donaldson,ENG,Forward,false,false,false,false,false,false,false,false,false,false,false,false,false,true,local_enhanced_exact,false,
2010/11,Joan Simun Edmundsson,FRO,Forward,false,false,false,false,false,false,false,false,false,false,false,false,false,true,local_enhanced_exact,false,
2010/11,Shefki Kuqi,FIN,Forward,false,false,false,false,false,false,false,false,false,false,false,false,false,true,local_enhanced_exact,false,
2011/12,Tim Krul,NED,Goalkeeper,true,false,false,false,false,false,false,false,false,false,false,false,false,false,local_enhanced_exact,false,
2011/12,Fraser Forster,ENG,Goalkeeper,true,false,false,false,false,false,false,false,false,false,false,false,false,false,local_enhanced_exact,false,
2011/12,Robert Elliot,IRL,Goalkeeper,true,false,false,false,false,false,false,false,false,false,false,false,false,false,local_enhanced_exact,false,
2011/12,Steve Harper,ENG,Goalkeeper,true,false,false,false,false,false,false,false,false,false,false,false,false,false,local_enhanced_exact,false,
2011/12,Michael Hoganson,ENG,Defender,false,false,false,false,true,false,false,false,false,false,false,false,false,false,manual_position_override,false,
2011/12,Fabricio Coloccini,ARG,Defender,false,false,false,true,false,false,false,false,false,false,false,false,false,false,local_enhanced_exact,false,
2011/12,Davide Santon,ITA,Defender,false,false,false,false,true,true,false,false,false,false,false,false,false,false,local_enhanced_exact,false,
2011/12,Paul Dummett,WAL,Defender,false,false,false,false,true,false,false,false,false,false,false,false,false,false,local_enhanced_exact,false,
2011/12,Ryan Taylor,ENG,Defender,false,false,false,true,false,false,false,false,false,false,false,false,false,false,local_enhanced_exact,false,
2011/12,Danny Simpson,ENG,Defender,false,false,false,true,false,false,false,false,false,false,false,false,false,false,local_enhanced_exact,false,
2011/12,Mike Williamson,ENG,Defender,false,false,false,true,false,false,false,false,false,false,false,false,false,false,manual_position_override,false,
2011/12,James Perch,ENG,Defender,false,false,false,true,false,false,false,false,false,false,false,false,false,false,local_enhanced_exact,false,
2011/12,Steven Taylor,ENG,Defender,false,false,false,true,false,false,false,false,false,false,false,false,false,false,local_enhanced_exact,false,
2011/12,Shane Ferguson,NIR,Defender,false,false,false,false,false,false,false,true,false,false,false,false,false,false,local_enhanced_exact,false,
2011/12,James Tavernier,ENG,Defender,false,false,false,true,false,false,false,false,false,false,false,false,false,false,local_enhanced_exact,false,
2011/12,Tamas Kadar,HUN,Defender,false,false,false,true,false,false,false,false,false,false,false,false,false,false,local_enhanced_exact,false,
2011/12,Marcus Maddison,ENG,Midfielder,false,false,false,false,false,false,false,false,true,false,true,false,false,false,manual_position_override,false,
2011/12,Yohan Cabaye,FRA,Midfielder,false,false,false,false,false,false,true,true,false,false,false,false,false,false,local_enhanced_exact,false,
2011/12,Danny Guthrie,ENG,Midfielder,false,false,false,false,false,false,false,true,false,false,false,false,false,false,local_enhanced_exact,false,
2011/12,Gabriel Obertan,FRA,Midfielder,false,false,false,false,false,false,false,false,false,false,false,false,false,true,local_enhanced_exact,false,
2011/12,Dan Gosling,ENG,Midfielder,false,false,false,false,false,false,false,true,false,false,false,false,false,false,local_enhanced_exact,false,
2011/12,Alan Smith,ENG,Midfielder,false,false,false,false,false,false,false,false,false,false,false,false,false,true,local_enhanced_exact,false,
2011/12,Jonas Gutierrez,ARG,Midfielder,false,false,false,false,false,false,false,false,false,false,false,true,true,false,local_enhanced_exact,false,
2011/12,Haris Vuckic,SVN,Midfielder,false,false,false,false,false,false,false,true,false,false,false,false,false,false,local_enhanced_exact,false,
2011/12,Cheik Tiote,CIV,Midfielder,false,false,false,false,false,false,true,true,false,false,false,false,false,false,manual_position_override,false,
2011/12,Hatem Ben Arfa,FRA,Midfielder,false,false,false,false,false,false,false,false,false,true,true,false,false,false,local_enhanced_exact,false,
2011/12,Mehdi Abeid,ALG,Midfielder,false,false,false,false,false,false,false,true,false,false,false,false,false,false,local_enhanced_exact,false,
2011/12,Sylvain Marveaux,FRA,Midfielder,false,false,false,false,false,false,false,true,false,false,false,false,false,false,local_enhanced_exact,false,
2011/12,Sammy Ameobi,ENG,Midfielder,false,false,false,false,false,false,false,false,false,false,false,false,false,true,local_enhanced_exact,false,
2011/12,Bradden Inman,AUS,Midfielder,false,false,false,false,false,false,false,true,false,false,false,false,false,false,local_enhanced_player,false,
2011/12,Michael Richardson,ENG,Midfielder,false,false,false,false,false,false,false,true,false,false,false,false,false,false,local_enhanced_player,false,
2011/12,Phil Airey,ENG,Forward,false,false,false,false,false,false,false,false,false,false,false,false,false,true,local_enhanced_player,false,
2011/12,Daniel Taylor,ENG,Forward,false,false,false,false,false,false,false,false,false,false,false,false,false,true,manual_position_override,false,
2011/12,Sammy Adjei,GHA,Forward,false,false,false,false,false,false,false,false,false,false,false,false,false,true,manual_position_override,false,
2011/12,JJ Hooper,ENG,Forward,false,false,false,false,false,false,false,false,false,false,false,false,false,true,manual_position_override,false,
2011/12,Papiss Cisse,SEN,Forward,false,false,false,false,false,false,false,false,false,false,false,false,false,true,manual_position_override,false,
2011/12,Peter Lovenkrands,DEN,Forward,false,false,false,false,false,false,false,false,false,false,false,false,true,true,manual_position_override,false,
2011/12,Demba Ba,SEN,Forward,false,false,false,false,false,false,false,false,false,false,false,false,false,true,local_enhanced_exact,false,
2011/12,Leon Best,IRL,Forward,false,false,false,false,false,false,false,false,false,false,false,false,false,true,local_enhanced_exact,false,
2011/12,Shola Ameobi,NGA,Forward,false,false,false,false,false,false,false,false,false,false,false,false,false,true,local_enhanced_exact,false,
2011/12,Nile Ranger,ENG,Forward,false,false,false,false,false,false,false,false,false,false,false,false,false,true,local_enhanced_exact,false,
2011/12,Xisco,ESP,Forward,false,false,false,false,false,false,false,false,false,false,false,false,false,true,local_enhanced_player,false,
2011/12,Ryan Donaldson,ENG,Forward,false,false,false,false,false,false,false,false,false,false,false,false,false,true,local_enhanced_exact,false,
2012/13,Tim Krul,NED,Goalkeeper,true,false,false,false,false,false,false,false,false,false,false,false,false,false,local_enhanced_exact,false,
2012/13,Robert Elliot,IRL,Goalkeeper,true,false,false,false,false,false,false,false,false,false,false,false,false,false,local_enhanced_exact,false,
2012/13,Jak Alnwick,ENG,Goalkeeper,true,false,false,false,false,false,false,false,false,false,false,false,false,false,local_enhanced_exact,false,
2012/13,Steve Harper,ENG,Goalkeeper,true,false,false,false,false,false,false,false,false,false,false,false,false,false,local_enhanced_exact,false,
2012/13,Fabricio Coloccini,ARG,Defender,false,false,false,true,false,false,false,false,false,false,false,false,false,false,local_enhanced_exact,false,
2012/13,Paul Dummett,WAL,Defender,false,false,false,false,true,false,false,false,false,false,false,false,false,false,local_enhanced_exact,false,
2012/13,Davide Santon,ITA,Defender,false,false,false,false,true,true,false,false,false,false,false,false,false,false,local_enhanced_exact,false,
2012/13,Ryan Taylor,ENG,Defender,false,false,false,true,false,false,false,false,false,false,false,false,false,false,local_enhanced_exact,false,
2012/13,Danny Simpson,ENG,Defender,false,false,false,true,false,false,false,false,false,false,false,false,false,false,local_enhanced_exact,false,
2012/13,Mike Williamson,ENG,Defender,false,false,false,true,false,false,false,false,false,false,false,false,false,false,manual_position_override,false,
2012/13,Mapou Yanga-Mbiwa,FRA,Defender,false,false,false,true,false,false,false,false,false,false,false,false,false,false,local_enhanced_exact,false,
2012/13,James Perch,ENG,Defender,false,false,false,true,false,false,false,false,false,false,false,false,false,false,local_enhanced_exact,false,
2012/13,Massadio Haidara,SEN,Defender,false,false,false,true,false,false,false,false,false,false,false,false,false,false,local_enhanced_exact,false,
2012/13,Mathieu Debuchy,FRA,Defender,false,true,true,false,false,false,false,false,false,false,false,false,false,false,local_enhanced_exact,false,
2012/13,Steven Taylor,ENG,Defender,false,false,false,true,false,false,false,false,false,false,false,false,false,false,local_enhanced_exact,false,
2012/13,James Tavernier,ENG,Defender,false,false,false,true,false,false,false,false,false,false,false,false,false,false,local_enhanced_exact,false,
2012/13,Remie Streete,ENG,Defender,false,false,false,true,false,false,false,false,false,false,false,false,false,false,local_enhanced_exact,false,
2012/13,Shane Ferguson,NIR,Defender,false,false,false,false,false,false,false,true,false,false,false,false,false,false,local_enhanced_exact,false,
2012/13,Curtis Good,AUS,Defender,false,false,false,true,false,false,false,false,false,false,false,false,false,false,local_enhanced_exact,false,
2012/13,Kevin Mbabu,SUI,Defender,false,false,false,false,true,false,false,false,false,false,false,false,false,false,local_enhanced_player,false,
2012/13,Gael Bigirimana,BDI,Midfielder,false,false,false,false,false,false,false,true,false,false,false,false,false,false,local_enhanced_exact,false,
2012/13,Yohan Cabaye,FRA,Midfielder,false,false,false,false,false,false,true,true,false,false,false,false,false,false,local_enhanced_exact,false,
2012/13,Moussa Sissoko,FRA,Midfielder,false,false,false,false,false,false,false,true,true,false,false,false,false,false,local_enhanced_exact,false,
2012/13,Vurnon Anita,NED,Midfielder,false,false,false,true,false,false,false,false,false,false,false,false,false,false,local_enhanced_exact,false,
2012/13,Gabriel Obertan,FRA,Midfielder,false,false,false,false,false,false,false,false,false,false,false,false,false,true,local_enhanced_exact,false,
2012/13,Dan Gosling,ENG,Midfielder,false,false,false,false,false,false,false,true,false,false,false,false,false,false,local_enhanced_exact,false,
2012/13,Romain Amalfitano,FRA,Midfielder,false,false,false,false,false,false,false,true,false,false,false,false,false,false,local_enhanced_exact,false,
2012/13,Jonas Gutierrez,ARG,Midfielder,false,false,false,false,false,false,false,false,false,false,false,true,true,false,local_enhanced_exact,false,
2012/13,Yoan Gouffran,FRA,Midfielder,false,false,false,false,false,false,false,false,false,false,false,false,true,false,local_enhanced_exact,false,
2012/13,Haris Vuckic,SVN,Midfielder,false,false,false,false,false,false,false,true,false,false,false,false,false,false,local_enhanced_exact,false,
2012/13,Cheik Tiote,CIV,Midfielder,false,false,false,false,false,false,true,true,false,false,false,false,false,false,manual_position_override,false,
2012/13,Hatem Ben Arfa,FRA,Midfielder,false,false,false,false,false,false,false,false,false,true,true,false,false,false,local_enhanced_exact,false,
2012/13,Mehdi Abeid,ALG,Midfielder,false,false,false,false,false,false,false,true,false,false,false,false,false,false,local_enhanced_exact,false,
2012/13,Sylvain Marveaux,FRA,Midfielder,false,false,false,false,false,false,false,true,false,false,false,false,false,false,local_enhanced_exact,false,
2012/13,Sammy Ameobi,ENG,Midfielder,false,false,false,false,false,false,false,false,false,false,false,false,false,true,local_enhanced_exact,false,
2012/13,Bradden Inman,AUS,Midfielder,false,false,false,false,false,false,false,true,false,false,false,false,false,false,local_enhanced_exact,false,
2012/13,Michael Richardson,ENG,Midfielder,false,false,false,false,false,false,false,true,false,false,false,false,false,false,local_enhanced_player,false,
2012/13,Conor Newton,ENG,Midfielder,false,false,false,false,false,false,false,true,false,false,false,false,false,false,local_enhanced_exact,false,
2012/13,Papiss Demba Cisse,SEN,Forward,false,false,false,false,false,false,false,false,false,false,false,false,false,true,local_enhanced_exact,false,
2012/13,Shola Ameobi,NGA,Forward,false,false,false,false,false,false,false,false,false,false,false,false,false,true,local_enhanced_exact,false,
2012/13,Adam Campbell,ENG,Forward,false,false,false,false,false,false,false,false,false,false,false,false,false,true,local_enhanced_exact,false,
2013/14,Tim Krul,NED,Goalkeeper,true,false,false,false,false,false,false,false,false,false,false,false,false,false,local_enhanced_exact,false,
2013/14,Robert Elliot,IRL,Goalkeeper,true,false,false,false,false,false,false,false,false,false,false,false,false,false,local_enhanced_exact,false,
2013/14,Jak Alnwick,ENG,Goalkeeper,true,false,false,false,false,false,false,false,false,false,false,false,false,false,local_enhanced_exact,false,
2013/14,Freddie Woodman,ENG,Goalkeeper,true,false,false,false,false,false,false,false,false,false,false,false,false,false,local_enhanced_player,false,
2013/14,Fabricio Coloccini,ARG,Defender,false,false,false,true,false,false,false,false,false,false,false,false,false,false,local_enhanced_exact,false,
2013/14,Davide Santon,ITA,Defender,false,false,false,false,true,true,false,false,false,false,false,false,false,false,local_enhanced_exact,false,
2013/14,Paul Dummett,WAL,Defender,false,false,false,false,true,false,false,false,false,false,false,false,false,false,local_enhanced_exact,false,
2013/14,Ryan Taylor,ENG,Defender,false,false,false,true,false,false,false,false,false,false,false,false,false,false,local_enhanced_exact,false,
2013/14,Mike Williamson,ENG,Defender,false,false,false,true,false,false,false,false,false,false,false,false,false,false,manual_position_override,false,
2013/14,Mapou Yanga-Mbiwa,FRA,Defender,false,false,false,true,false,false,false,false,false,false,false,false,false,false,local_enhanced_exact,false,
2013/14,Massadio Haidara,SEN,Defender,false,false,false,true,false,false,false,false,false,false,false,false,false,false,local_enhanced_exact,false,
2013/14,Mathieu Debuchy,FRA,Defender,false,true,true,false,false,false,false,false,false,false,false,false,false,false,local_enhanced_exact,false,
2013/14,Steven Taylor,ENG,Defender,false,false,false,true,false,false,false,false,false,false,false,false,false,false,local_enhanced_exact,false,
2013/14,Remie Streete,ENG,Defender,false,false,false,true,false,false,false,false,false,false,false,false,false,false,local_enhanced_exact,false,
2013/14,Shane Ferguson,NIR,Defender,false,false,false,false,false,false,false,true,false,false,false,false,false,false,local_enhanced_player,false,
2013/14,James Tavernier,ENG,Defender,false,false,false,true,false,false,false,false,false,false,false,false,false,false,local_enhanced_exact,false,
2013/14,Lubomir Satka,SVK,Defender,false,false,false,true,false,false,false,false,false,false,false,false,false,false,local_enhanced_exact,false,
2013/14,Curtis Good,AUS,Defender,false,false,false,true,false,false,false,false,false,false,false,false,false,false,local_enhanced_exact,false,
2013/14,Jamie Sterry,ENG,Defender,false,false,false,true,false,false,false,false,false,false,false,false,false,false,local_enhanced_player,false,
2013/14,Kevin Mbabu,SUI,Defender,false,false,false,false,true,false,false,false,false,false,false,false,false,false,local_enhanced_player,false,
2013/14,Gael Bigirimana,BDI,Midfielder,false,false,false,false,false,false,false,true,false,false,false,false,false,false,local_enhanced_exact,false,
2013/14,Moussa Sissoko,FRA,Midfielder,false,false,false,false,false,false,false,true,true,true,false,false,false,false,local_enhanced_exact,false,
2013/14,Vurnon Anita,NED,Midfielder,false,false,false,true,false,false,false,false,false,false,false,false,false,false,local_enhanced_exact,false,
2013/14,Gabriel Obertan,FRA,Midfielder,false,false,false,false,false,false,false,false,false,false,false,false,false,true,local_enhanced_exact,false,
2013/14,Dan Gosling,ENG,Midfielder,false,false,false,false,false,false,false,true,false,false,false,false,false,false,local_enhanced_exact,false,
2013/14,Romain Amalfitano,FRA,Midfielder,false,false,false,false,false,false,false,true,false,false,false,false,false,false,local_enhanced_exact,false,
2013/14,Jonas Gutierrez,ARG,Midfielder,false,false,false,false,false,false,false,false,false,false,false,true,true,false,local_enhanced_exact,false,
2013/14,Yoan Gouffran,FRA,Midfielder,false,false,false,false,false,false,false,false,false,false,false,false,true,false,local_enhanced_exact,false,
2013/14,Haris Vuckic,SVN,Midfielder,false,false,false,false,false,false,false,true,false,false,false,false,false,false,local_enhanced_exact,false,
2013/14,Cheik Tiote,CIV,Midfielder,false,false,false,false,false,false,true,true,false,false,false,false,false,false,manual_position_override,false,
2013/14,Hatem Ben Arfa,FRA,Midfielder,false,false,false,false,false,false,false,false,false,true,true,false,false,false,local_enhanced_exact,false,
2013/14,Mehdi Abeid,ALG,Midfielder,false,false,false,false,false,false,false,true,false,false,false,false,false,false,local_enhanced_player,false,
2013/14,Sylvain Marveaux,FRA,Midfielder,false,false,false,false,false,false,false,true,false,false,false,false,false,false,local_enhanced_exact,false,
2013/14,Sammy Ameobi,ENG,Midfielder,false,false,false,false,false,false,false,false,false,false,false,false,false,true,local_enhanced_exact,false,
2013/14,Michael Richardson,ENG,Midfielder,false,false,false,false,false,false,false,true,false,false,false,false,false,false,local_enhanced_player,false,
2013/14,Conor Newton,ENG,Midfielder,false,false,false,false,false,false,false,true,false,false,false,false,false,false,local_enhanced_player,false,
2013/14,Papiss Demba Cisse,SEN,Forward,false,false,false,false,false,false,false,false,false,false,false,false,false,true,local_enhanced_exact,false,
2013/14,Loic Remy,FRA,Forward,false,false,false,false,false,false,false,false,false,false,false,false,false,true,local_enhanced_exact,false,
2013/14,Luuk de Jong,NED,Forward,false,false,false,false,false,false,false,false,false,false,false,false,false,true,local_enhanced_exact,false,
2013/14,Shola Ameobi,NGA,Forward,false,false,false,false,false,false,false,false,false,false,false,false,false,true,local_enhanced_exact,false,
2013/14,Adam Armstrong,ENG,Forward,false,false,false,false,false,false,false,false,false,false,false,false,false,true,local_enhanced_exact,false,
2013/14,Adam Campbell,ENG,Forward,false,false,false,false,false,false,false,false,false,false,false,false,false,true,local_enhanced_exact,false,
2014/15,Tim Krul,NED,Goalkeeper,true,false,false,false,false,false,false,false,false,false,false,false,false,false,local_enhanced_exact,false,
2014/15,Robert Elliot,IRL,Goalkeeper,true,false,false,false,false,false,false,false,false,false,false,false,false,false,local_enhanced_exact,false,
2014/15,Karl Darlow,ENG,Goalkeeper,true,false,false,false,false,false,false,false,false,false,false,false,false,false,local_enhanced_player,false,
2014/15,Jak Alnwick,ENG,Goalkeeper,true,false,false,false,false,false,false,false,false,false,false,false,false,false,local_enhanced_exact,false,
2014/15,Freddie Woodman,ENG,Goalkeeper,true,false,false,false,false,false,false,false,false,false,false,false,false,false,local_enhanced_exact,false,
2014/15,Curtis Good,AUS,Defender,false,false,false,true,false,false,false,false,false,false,false,false,false,false,local_enhanced_exact,false,
2014/15,Fabricio Coloccini,ARG,Defender,false,false,false,true,false,false,false,false,false,false,false,false,false,false,local_enhanced_exact,false,
2014/15,Paul Dummett,WAL,Defender,false,false,false,false,true,false,false,false,false,false,false,false,false,false,local_enhanced_exact,false,
2014/15,Ryan Taylor,ENG,Defender,false,false,false,true,false,false,false,false,false,false,false,false,false,false,local_enhanced_exact,false,
2014/15,Mike Williamson,ENG,Defender,false,false,false,true,false,false,false,false,false,false,false,false,false,false,manual_position_override,false,
2014/15,Jamaal Lascelles,ENG,Defender,false,false,false,true,false,false,false,false,false,false,false,false,false,false,local_enhanced_player,false,
2014/15,Massadio Haidara,FRA,Defender,false,false,false,true,false,false,false,false,false,false,false,false,false,false,local_enhanced_exact,false,
2014/15,Daryl Janmaat,NED,Defender,false,true,false,false,false,false,false,false,false,false,false,false,false,false,local_enhanced_exact,false,
2014/15,Steven Taylor,ENG,Defender,false,false,false,true,false,false,false,false,false,false,false,false,false,false,local_enhanced_exact,false,
2014/15,Remie Streete,ENG,Defender,false,false,false,true,false,false,false,false,false,false,false,false,false,false,local_enhanced_exact,false,
2014/15,Shane Ferguson,NIR,Defender,false,false,false,true,false,false,false,false,false,false,false,false,false,false,local_enhanced_exact,false,
2014/15,Lubomir Satka,SVK,Defender,false,false,false,true,false,false,false,false,false,false,false,false,false,false,local_enhanced_exact,false,
2014/15,Jamie Sterry,ENG,Defender,false,false,false,true,false,false,false,false,false,false,false,false,false,false,local_enhanced_exact,false,
2014/15,Kevin Mbabu,SUI,Defender,false,false,false,false,true,false,false,false,false,false,false,false,false,false,local_enhanced_exact,false,
2014/15,Gael Bigirimana,ENG,Midfielder,false,false,false,false,false,false,false,true,false,false,false,false,false,false,local_enhanced_exact,false,
2014/15,Jack Colback,ENG,Midfielder,false,false,false,false,true,false,true,true,false,false,false,false,false,false,local_enhanced_exact,false,
2014/15,Moussa Sissoko,FRA,Midfielder,false,false,false,false,false,false,false,true,true,true,false,false,false,false,local_enhanced_exact,false,
2014/15,Vurnon Anita,NED,Midfielder,false,false,false,false,false,false,false,true,false,false,false,false,false,false,local_enhanced_exact,false,
2014/15,Siem de Jong,NED,Midfielder,false,false,false,false,false,false,false,false,true,false,false,false,false,true,local_enhanced_exact,false,
2014/15,Gabriel Obertan,FRA,Midfielder,false,false,false,false,false,false,false,true,false,false,false,false,false,false,local_enhanced_exact,false,
2014/15,Rolando Aarons,ENG,Midfielder,false,false,false,false,false,false,false,false,false,false,false,true,true,false,local_enhanced_exact,false,
2014/15,Jonas Gutierrez,ARG,Midfielder,false,false,false,false,false,false,false,true,false,false,false,true,true,false,local_enhanced_exact,false,
2014/15,Remy Cabella,FRA,Midfielder,false,false,false,false,false,false,false,true,false,false,false,false,false,false,local_enhanced_exact,false,
2014/15,Yoan Gouffran,FRA,Midfielder,false,false,false,false,false,false,false,false,false,false,false,false,true,false,local_enhanced_exact,false,
2014/15,Haris Vuckic,SVN,Midfielder,false,false,false,false,false,false,false,true,false,false,false,false,false,false,local_enhanced_exact,false,
2014/15,Cheik Tiote,CIV,Midfielder,false,false,false,false,false,false,true,true,false,false,false,false,false,false,manual_position_override,false,
2014/15,Mehdi Abeid,ALG,Midfielder,false,false,false,false,false,false,false,true,false,false,false,false,false,false,local_enhanced_exact,false,
2014/15,Sylvain Marveaux,FRA,Midfielder,false,false,false,false,false,false,false,true,false,false,false,false,false,false,local_enhanced_player,false,
2014/15,Olivier Kemen,FRA,Midfielder,false,false,false,false,false,false,false,true,false,false,false,false,false,false,local_enhanced_exact,false,
2014/15,Alex Gilliead,ENG,Midfielder,false,false,false,false,false,false,false,false,false,false,false,false,false,true,local_enhanced_exact,false,
2014/15,Callum Roberts,ENG,Midfielder,false,false,false,false,false,false,false,false,false,false,false,false,false,true,local_enhanced_exact,false,
2014/15,Sammy Ameobi,ENG,Forward,false,false,false,false,false,false,false,false,false,false,false,false,false,true,local_enhanced_exact,false,
2014/15,Papiss Demba Cisse,SEN,Forward,false,false,false,false,false,false,false,false,false,false,false,false,false,true,local_enhanced_exact,false,
2014/15,Facundo Ferreyra,ARG,Forward,false,false,false,false,false,false,false,false,false,false,false,false,false,true,local_enhanced_exact,false,
2014/15,Ayoze Perez,ESP,Forward,false,false,false,false,false,false,false,false,false,false,true,false,false,true,local_enhanced_exact,false,
2014/15,Emmanuel Riviere,FRA,Forward,false,false,false,false,false,false,false,false,false,false,false,false,false,true,local_enhanced_exact,false,
2014/15,Adam Armstrong,ENG,Forward,false,false,false,false,false,false,false,false,false,false,false,false,false,true,local_enhanced_exact,false,
2014/15,Adam Campbell,ENG,Forward,false,false,false,false,false,false,false,false,false,false,false,false,false,true,local_enhanced_exact,false,
2015/16,Tim Krul,NED,Goalkeeper,true,false,false,false,false,false,false,false,false,false,false,false,false,false,local_enhanced_exact,false,
2015/16,Robert Elliot,IRL,Goalkeeper,true,false,false,false,false,false,false,false,false,false,false,false,false,false,local_enhanced_exact,false,
2015/16,Karl Darlow,ENG,Goalkeeper,true,false,false,false,false,false,false,false,false,false,false,false,false,false,local_enhanced_exact,false,
2015/16,Freddie Woodman,ENG,Goalkeeper,true,false,false,false,false,false,false,false,false,false,false,false,false,false,local_enhanced_exact,false,
2015/16,Curtis Good,AUS,Defender,false,false,false,true,false,false,false,false,false,false,false,false,false,false,local_enhanced_exact,false,
2015/16,Callum Williams,ENG,Defender,false,false,false,true,false,false,false,false,false,false,false,false,false,false,local_enhanced_exact,false,
2015/16,Fabricio Coloccini,ARG,Defender,false,false,false,true,false,false,false,false,false,false,false,false,false,false,local_enhanced_exact,false,
2015/16,Paul Dummett,WAL,Defender,false,false,false,true,true,false,false,false,false,false,false,false,false,false,local_enhanced_exact,false,
2015/16,Jamaal Lascelles,ENG,Defender,false,false,false,true,false,false,false,false,false,false,false,false,false,false,local_enhanced_exact,false,
2015/16,Chancel Mbemba,COD,Defender,false,false,false,true,true,false,false,false,false,false,false,false,false,false,local_enhanced_exact,false,
2015/16,Massadio Haidara,FRA,Defender,false,false,false,false,true,false,false,false,false,false,false,false,false,false,local_enhanced_exact,false,
2015/16,Daryl Janmaat,NED,Defender,false,true,true,false,false,false,false,false,false,false,false,false,false,false,local_enhanced_exact,false,
2015/16,Steven Taylor,ENG,Defender,false,false,false,true,false,false,false,false,false,false,false,false,false,false,local_enhanced_exact,false,
2015/16,Jamie Sterry,ENG,Defender,false,true,true,false,false,false,false,false,false,false,false,false,false,false,local_enhanced_exact,false,
2015/16,Kevin Mbabu,SUI,Defender,false,false,false,false,true,true,false,false,false,false,false,false,false,false,local_enhanced_exact,false,
2015/16,Gael Bigirimana,ENG,Midfielder,false,false,false,false,false,false,true,true,true,false,false,false,false,false,local_enhanced_exact,false,
2015/16,Florian Thauvin,FRA,Midfielder,false,false,false,false,false,false,false,false,false,false,false,true,true,false,local_enhanced_exact,false,
2015/16,Liam Gibson,ENG,Midfielder,false,false,false,false,true,false,false,false,false,false,false,false,false,false,local_enhanced_exact,false,
2015/16,Jack Colback,ENG,Midfielder,false,false,false,false,true,false,true,true,false,false,false,false,false,false,local_enhanced_exact,false,
2015/16,Georginio Wijnaldum,NED,Midfielder,false,false,false,false,false,false,false,true,true,false,false,false,true,false,local_enhanced_exact,false,
2015/16,Moussa Sissoko,FRA,Midfielder,false,false,false,false,false,false,false,true,true,true,false,false,false,false,local_enhanced_exact,false,
2015/16,Vurnon Anita,NED,Midfielder,false,true,true,false,false,false,true,true,false,false,false,false,false,false,local_enhanced_exact,false,
2015/16,Siem de Jong,NED,Midfielder,false,false,false,false,false,false,false,false,true,false,false,false,false,true,local_enhanced_exact,false,
2015/16,Jonjo Shelvey,ENG,Midfielder,false,false,false,false,false,false,true,true,false,false,false,false,false,false,local_enhanced_exact,false,
2015/16,Rolando Aarons,ENG,Midfielder,false,false,false,false,false,false,false,false,false,false,false,true,true,false,local_enhanced_exact,false,
2015/16,Yoan Gouffran,FRA,Midfielder,false,false,false,false,false,false,false,false,false,false,false,true,true,true,local_enhanced_exact,false,
2015/16,Remy Cabella,FRA,Midfielder,false,false,false,false,false,false,false,false,true,true,true,false,false,false,local_enhanced_exact,false,
2015/16,Henri Saivet,SEN,Midfielder,false,false,false,false,false,false,false,true,true,false,false,false,false,false,local_enhanced_exact,false,
2015/16,Cheik Tiote,CIV,Midfielder,false,false,false,false,false,false,true,true,false,false,false,false,false,false,manual_position_override,false,
2015/16,Andros Townsend,ENG,Midfielder,false,false,false,false,false,false,false,false,false,true,true,true,true,false,local_enhanced_exact,false,
2015/16,Daniel Barlaser,TUR,Forward,false,false,false,false,false,false,true,true,true,false,false,false,false,false,manual_position_override,false,
2015/16,Sammy Ameobi,ENG,Forward,false,false,false,false,false,false,false,false,false,true,true,true,true,false,local_enhanced_player,false,
2015/16,Ivan Toney,ENG,Forward,false,false,false,false,false,false,false,false,false,false,false,false,false,true,local_enhanced_exact,false,
2015/16,Papiss Demba Cisse,SEN,Forward,false,false,false,false,false,false,false,false,false,false,false,false,false,true,local_enhanced_exact,false,
2015/16,Ayoze Perez,ESP,Forward,false,false,false,false,false,false,false,false,true,true,true,false,false,true,local_enhanced_exact,false,
2015/16,Seydou Doumbia,CIV,Forward,false,false,false,false,false,false,false,false,false,false,false,false,false,true,local_enhanced_exact,false,
2015/16,Emmanuel Riviere,FRA,Forward,false,false,false,false,false,false,false,false,false,false,false,false,false,true,local_enhanced_exact,false,
2015/16,Adam Armstrong,ENG,Forward,false,false,false,false,false,false,false,false,false,false,false,false,false,true,local_enhanced_player,false,
2015/16,Aleksandar Mitrovic,SRB,Forward,false,false,false,false,false,false,false,false,false,false,false,false,false,true,local_enhanced_exact,false,
2016/17,Rob Elliot,IRL,Goalkeeper,true,false,false,false,false,false,false,false,false,false,false,false,false,false,screenshot,false,
2016/17,Karl Darlow,ENG,Goalkeeper,true,false,false,false,false,false,false,false,false,false,false,false,false,false,screenshot,false,
2016/17,Matz Sels,BEL,Goalkeeper,true,false,false,false,false,false,false,false,false,false,false,false,false,false,screenshot,false,
2016/17,Ciaran Clark,IRL,Defender,false,false,false,true,true,false,false,false,false,false,false,false,false,false,screenshot,false,
2016/17,Paul Dummett,WAL,Defender,false,false,false,true,true,false,false,false,false,false,false,false,false,false,screenshot,false,
2016/17,Grant Hanley,SCO,Defender,false,false,false,true,false,false,false,false,false,false,false,false,false,false,screenshot,false,
2016/17,Jamaal Lascelles,ENG,Defender,false,false,false,true,false,false,false,false,false,false,false,false,false,false,screenshot,false,
2016/17,Achraf Lazaar,MAR,Defender,false,false,false,false,true,false,false,false,false,false,false,false,true,false,screenshot,false,
2016/17,Chancel Mbemba,COD,Defender,false,false,false,true,false,false,false,false,false,false,false,false,false,false,screenshot,false,
2016/17,Massadio Haidara,FRA,Defender,false,false,false,false,true,false,false,false,false,false,false,false,false,false,screenshot,false,
2016/17,DeAndre Yedlin,USA,Defender,false,true,false,false,false,false,false,false,false,false,false,false,false,false,screenshot,false,
2016/17,Jesus Gamez,ESP,Defender,false,true,false,false,true,false,false,false,false,false,false,false,false,false,screenshot,false,
2016/17,Stuart Findlay,SCO,Defender,false,false,false,true,true,false,false,false,false,false,false,false,false,false,screenshot,false,
2016/17,Curtis Good,AUS,Defender,false,false,false,true,false,false,false,false,false,false,false,false,false,false,screenshot,false,
2016/17,Jamie Sterry,ENG,Defender,false,true,false,false,false,false,false,false,false,false,false,false,false,false,screenshot,false,
2016/17,Jack Colback,ENG,Midfielder,false,false,false,false,true,false,true,true,false,false,false,false,false,false,screenshot,false,
2016/17,Vurnon Anita,NED,Midfielder,false,true,false,false,false,false,true,false,false,false,false,false,false,false,screenshot,false,
2016/17,Matt Ritchie,SCO,Midfielder,false,false,false,false,false,false,false,false,false,true,true,false,false,false,screenshot,false,
2016/17,Jonjo Shelvey,ENG,Midfielder,false,false,false,false,false,false,false,true,false,false,false,false,false,false,screenshot,false,
2016/17,Isaac Hayden,ENG,Midfielder,false,false,false,false,false,false,true,true,false,false,false,false,false,false,screenshot,false,
2016/17,Mohamed Diame,SEN,Midfielder,false,false,false,false,false,false,false,true,true,false,false,false,false,false,screenshot,false,
2016/17,Rolando Aarons,ENG,Midfielder,false,false,false,false,false,false,false,false,false,false,false,true,true,false,screenshot,false,
2016/17,Yoan Gouffran,FRA,Midfielder,false,false,false,false,false,false,false,false,false,false,false,false,true,true,screenshot,false,
2016/17,Christian Atsu,GHA,Midfielder,false,false,false,false,false,false,false,false,false,false,true,false,true,false,screenshot,false,
2016/17,Sammy Ameobi,NGA,Midfielder,false,false,false,false,false,false,false,false,true,false,true,false,true,false,screenshot,false,
2016/17,Daniel Barlaser,TUR,Midfielder,false,false,false,false,false,false,false,true,true,false,false,false,false,false,screenshot,false,
2016/17,Yasin Ben El-Mhanni,ENG,Midfielder,false,false,false,false,false,false,false,false,false,false,true,false,true,false,screenshot,false,
2016/17,Haris Vuckic,SVN,Midfielder,false,false,false,false,false,false,false,false,true,false,false,false,false,true,screenshot,false,
2016/17,Dwight Gayle,ENG,Forward,false,false,false,false,false,false,false,false,false,false,false,false,false,true,screenshot,false,
2016/17,Ayoze Perez,ESP,Forward,false,false,false,false,false,false,false,false,true,false,false,false,false,true,screenshot,false,
2016/17,Daryl Murphy,IRL,Forward,false,false,false,false,false,false,false,false,false,false,false,false,false,true,screenshot,false,
2016/17,Aleksandar Mitrovic,SRB,Forward,false,false,false,false,false,false,false,false,false,false,false,false,false,true,screenshot,false,
2017/18,Robert Elliot,IRL,Goalkeeper,true,false,false,false,false,false,false,false,false,false,false,false,false,false,local_enhanced_exact,false,
2017/18,Martin Dubravka,SVK,Goalkeeper,true,false,false,false,false,false,false,false,false,false,false,false,false,false,local_enhanced_exact,false,
2017/18,Karl Darlow,ENG,Goalkeeper,true,false,false,false,false,false,false,false,false,false,false,false,false,false,local_enhanced_exact,false,
2017/18,Ciaran Clark,IRL,Defender,false,false,false,true,false,false,false,false,false,false,false,false,false,false,local_enhanced_exact,false,
2017/18,Paul Dummett,WAL,Defender,false,false,false,true,true,false,false,false,false,false,false,false,false,false,local_enhanced_exact,false,
2017/18,Jamaal Lascelles,ENG,Defender,false,false,false,true,false,false,false,false,false,false,false,false,false,false,local_enhanced_exact,false,
2017/18,Chancel Mbemba,COD,Defender,false,false,false,true,false,false,false,false,false,false,false,false,false,false,local_enhanced_exact,false,
2017/18,Javier Manquillo,ESP,Defender,false,true,false,false,true,false,false,false,false,false,false,false,false,false,manual_position_override,false,
2017/18,Florian Lejeune,FRA,Defender,false,false,false,true,false,false,false,false,false,false,false,false,false,false,local_enhanced_exact,false,
2017/18,DeAndre Yedlin,USA,Defender,false,true,false,false,false,false,false,false,false,false,false,false,false,false,local_enhanced_exact,false,
2017/18,Massadio Haidara,FRA,Defender,false,false,false,true,false,false,false,false,false,false,false,false,false,false,local_enhanced_exact,false,
2017/18,Jesus Gamez,ESP,Defender,false,false,false,true,false,false,false,false,false,false,false,false,false,false,local_enhanced_exact,false,
2017/18,Jacob Murphy,ENG,Midfielder,false,false,false,false,false,false,false,false,false,false,true,false,false,false,local_enhanced_exact,false,
2017/18,Jonjo Shelvey,ENG,Midfielder,false,false,false,false,false,false,false,true,false,false,false,false,false,false,local_enhanced_exact,false,
2017/18,Mohamed Diame,SEN,Midfielder,false,false,false,false,false,false,true,true,false,false,false,false,false,false,local_enhanced_exact,false,
2017/18,Matt Ritchie,SCO,Midfielder,false,false,false,false,false,false,false,false,false,true,true,false,false,false,local_enhanced_exact,false,
2017/18,Isaac Hayden,ENG,Midfielder,false,false,false,false,false,false,true,true,false,false,false,false,false,false,local_enhanced_exact,false,
2017/18,Kenedy,BRA,Midfielder,false,false,false,false,false,false,false,false,false,false,true,true,true,false,local_enhanced_exact,false,
2017/18,Mikel Merino,ESP,Midfielder,false,false,false,false,false,false,true,true,false,false,false,false,false,false,local_enhanced_exact,false,
2017/18,Christian Atsu,GHA,Midfielder,false,false,false,false,false,false,false,false,false,false,false,false,true,false,local_enhanced_exact,false,
2017/18,Dwight Gayle,ENG,Forward,false,false,false,false,false,false,false,false,false,false,false,false,false,true,local_enhanced_exact,false,
2017/18,Islam Slimani,ALG,Forward,false,false,false,false,false,false,false,false,false,false,false,false,false,true,local_enhanced_exact,false,
2017/18,Ayoze Perez,ESP,Forward,false,false,false,false,false,false,false,false,false,false,true,false,false,true,local_enhanced_exact,false,
2017/18,Joselu,ESP,Forward,false,false,false,false,false,false,false,false,false,false,false,false,false,true,local_enhanced_exact,false,
2018/19,Martin Dubravka,SVK,Goalkeeper,true,false,false,false,false,false,false,false,false,false,false,false,false,false,local_enhanced_exact,false,
2018/19,Robert Elliot,IRL,Goalkeeper,true,false,false,false,false,false,false,false,false,false,false,false,false,false,local_enhanced_exact,false,
2018/19,Karl Darlow,ENG,Goalkeeper,true,false,false,false,false,false,false,false,false,false,false,false,false,false,local_enhanced_exact,false,
2018/19,Nathan Harker,ENG,Goalkeeper,true,false,false,false,false,false,false,false,false,false,false,false,false,false,local_enhanced_exact,false,
2018/19,Freddy Woodman,ENG,Goalkeeper,true,false,false,false,false,false,false,false,false,false,false,false,false,false,manual_position_override,false,
2018/19,Ciaran Clark,IRL,Defender,false,false,false,true,false,false,false,false,false,false,false,false,false,false,local_enhanced_exact,false,
2018/19,Paul Dummett,WAL,Defender,false,false,false,true,true,false,false,false,false,false,false,false,false,false,local_enhanced_exact,false,
2018/19,Fabian Schar,SUI,Defender,false,false,false,true,false,false,false,false,false,false,false,false,false,false,local_enhanced_exact,false,
2018/19,Jamaal Lascelles,ENG,Defender,false,false,false,true,false,false,false,false,false,false,false,false,false,false,local_enhanced_exact,false,
2018/19,Federico Fernandez,ARG,Defender,false,false,false,true,false,false,false,false,false,false,false,false,false,false,local_enhanced_exact,false,
2018/19,Javier Manquillo,ESP,Defender,false,true,false,false,true,false,false,false,false,false,false,false,false,false,manual_position_override,false,
2018/19,Florian Lejeune,FRA,Defender,false,false,false,true,false,false,false,false,false,false,false,false,false,false,local_enhanced_exact,false,
2018/19,DeAndre Yedlin,USA,Defender,false,true,false,false,false,false,false,false,false,false,false,false,false,false,local_enhanced_exact,false,
2018/19,Antonio Barreca,ITA,Defender,false,false,false,true,false,false,false,false,false,false,false,false,false,false,local_enhanced_exact,false,
2018/19,Jamie Sterry,ENG,Defender,false,false,false,true,false,false,false,false,false,false,false,false,false,false,local_enhanced_exact,false,
2018/19,Achraf Lazaar,MAR,Defender,false,false,false,true,false,false,false,false,false,false,false,false,false,false,local_enhanced_exact,false,
2018/19,Lewis Cass,ENG,Defender,false,false,false,true,false,false,false,false,false,false,false,false,false,false,local_enhanced_exact,false,
2018/19,Henri Saivet,SEN,Midfielder,false,false,false,false,false,false,false,true,false,false,false,false,false,false,local_enhanced_player,false,
2018/19,Ki Sung-Yueng,KOR,Midfielder,false,false,false,false,false,false,true,true,false,false,false,false,false,false,local_enhanced_exact,false,
2018/19,Jacob Murphy,ENG,Midfielder,false,false,false,false,false,false,false,false,false,false,true,false,false,false,local_enhanced_exact,false,
2018/19,Jonjo Shelvey,ENG,Midfielder,false,false,false,false,false,false,false,true,false,false,false,false,false,false,local_enhanced_exact,false,
2018/19,Mohamed Diame,SEN,Midfielder,false,false,false,false,false,false,true,true,false,false,false,false,false,false,local_enhanced_exact,false,
2018/19,Matt Ritchie,SCO,Midfielder,false,false,false,false,false,false,false,false,false,true,true,false,false,false,local_enhanced_exact,false,
2018/19,Isaac Hayden,ENG,Midfielder,false,false,false,false,false,false,true,true,false,false,false,false,false,false,local_enhanced_exact,false,
2018/19,Kenedy,BRA,Midfielder,false,false,false,false,false,false,false,false,false,false,true,true,true,false,local_enhanced_exact,false,
2018/19,Rolando Aarons,ENG,Midfielder,false,false,false,false,false,false,false,false,false,false,false,true,true,false,local_enhanced_player,false,
2018/19,Jack Colback,ENG,Midfielder,false,false,false,false,true,false,true,true,false,false,false,false,false,false,local_enhanced_player,false,
2018/19,Miguel Almiron,PAR,Midfielder,false,false,false,false,false,false,false,false,false,false,false,true,true,false,local_enhanced_exact,false,
2018/19,Christian Atsu,GHA,Midfielder,false,false,false,false,false,false,false,false,false,false,false,false,true,false,local_enhanced_exact,false,
2018/19,Sean Longstaff,ENG,Midfielder,false,false,false,false,false,false,false,true,false,false,false,false,false,false,local_enhanced_exact,false,
2018/19,Callum Roberts,ENG,Midfielder,false,false,false,false,false,false,false,false,false,false,false,false,false,true,local_enhanced_exact,false,
2018/19,Kelland Watts,ENG,Midfielder,false,false,false,true,false,false,false,false,false,false,false,false,false,false,local_enhanced_exact,false,
2018/19,Salomon Rondon,VEN,Forward,false,false,false,false,false,false,false,false,false,false,false,false,false,true,manual_position_override,false,
2018/19,Dwight Gayle,ENG,Forward,false,false,false,false,false,false,false,false,false,false,false,false,false,true,local_enhanced_player,false,
2018/19,Yoshinori Muto,JPN,Forward,false,false,false,false,false,false,false,false,false,false,true,false,false,true,local_enhanced_exact,false,
2018/19,Ayoze Perez,ESP,Forward,false,false,false,false,false,false,false,false,false,true,true,false,false,false,local_enhanced_exact,false,
2018/19,Joselu,ESP,Forward,false,false,false,false,false,false,false,false,false,false,false,false,false,true,local_enhanced_exact,false,
2019/20,Martin Dubravka,SVK,Goalkeeper,true,false,false,false,false,false,false,false,false,false,false,false,false,false,local_enhanced_exact,false,
2019/20,Karl Darlow,ENG,Goalkeeper,true,false,false,false,false,false,false,false,false,false,false,false,false,false,local_enhanced_exact,false,
2019/20,Freddie Woodman,ENG,Goalkeeper,true,false,false,false,false,false,false,false,false,false,false,false,false,false,local_enhanced_player,false,
2019/20,Ciaran Clark,IRL,Defender,false,false,false,true,false,false,false,false,false,false,false,false,false,false,local_enhanced_exact,false,
2019/20,Paul Dummett,WAL,Defender,false,false,false,true,true,false,false,false,false,false,false,false,false,false,local_enhanced_exact,false,
2019/20,Fabian Schar,SUI,Defender,false,false,false,true,false,false,false,false,false,false,false,false,false,false,local_enhanced_exact,false,
2019/20,Jamaal Lascelles,ENG,Defender,false,false,false,true,false,false,false,false,false,false,false,false,false,false,local_enhanced_exact,false,
2019/20,Emil Krafth,SWE,Defender,false,true,true,true,false,false,false,false,false,false,false,false,false,false,local_enhanced_exact,false,
2019/20,Federico Fernandez,ARG,Defender,false,false,false,true,false,false,false,false,false,false,false,false,false,false,local_enhanced_exact,false,
2019/20,Javier Manquillo,ESP,Defender,false,true,false,false,true,true,false,false,false,false,false,false,false,false,manual_position_override,false,
2019/20,Florian Lejeune,FRA,Defender,false,false,false,true,false,false,false,false,false,false,false,false,false,false,local_enhanced_exact,false,
2019/20,DeAndre Yedlin,USA,Defender,false,true,true,false,false,false,false,false,false,true,false,false,false,false,local_enhanced_exact,false,
2019/20,Danny Rose,ENG,Defender,false,false,false,false,true,true,false,false,false,false,false,false,false,false,local_enhanced_exact,false,
2019/20,Lewis Cass,ENG,Defender,false,false,false,true,false,false,false,false,false,false,false,false,false,false,local_enhanced_exact,false,
2019/20,Kelland Watts,ENG,Defender,false,false,false,true,false,false,false,false,false,false,false,false,false,false,local_enhanced_exact,false,
2019/20,Rolando Aarons,ENG,Midfielder,false,false,false,false,false,false,false,false,false,false,false,true,true,false,local_enhanced_player,false,
2019/20,Matthew Longstaff,ENG,Midfielder,false,false,false,false,false,false,true,true,false,false,false,false,false,false,manual_position_override,false,
2019/20,Jonjo Shelvey,ENG,Midfielder,false,false,false,false,false,false,true,true,false,false,false,false,false,false,local_enhanced_exact,false,
2019/20,Matt Ritchie,SCO,Midfielder,false,true,true,false,true,true,false,false,false,true,true,true,true,false,local_enhanced_exact,false,
2019/20,Isaac Hayden,ENG,Midfielder,false,false,false,true,false,false,true,true,false,false,false,false,false,false,local_enhanced_exact,false,
2019/20,Jacob Murphy,ENG,Midfielder,false,false,true,false,false,false,false,false,false,true,true,false,false,false,local_enhanced_player,false,
2019/20,Valentino Lazaro,AUT,Midfielder,false,false,false,false,false,true,false,false,false,false,false,true,true,false,local_enhanced_exact,false,
2019/20,Miguel Almiron,PAR,Midfielder,false,false,false,false,false,false,false,true,true,true,true,false,true,false,local_enhanced_exact,false,
2019/20,Henri Saivet,SEN,Midfielder,false,false,false,false,false,false,false,true,true,false,false,false,false,false,local_enhanced_player,false,
2019/20,Christian Atsu,GHA,Midfielder,false,false,false,false,false,false,false,false,false,false,true,false,true,false,local_enhanced_exact,false,
2019/20,Daniel Barlaser,TUR,Midfielder,false,false,false,false,false,false,true,true,true,false,false,false,false,false,manual_position_override,false,
2019/20,Sean Longstaff,ENG,Midfielder,false,false,false,false,false,false,true,true,false,false,false,false,false,false,local_enhanced_exact,false,
2019/20,Nabil Bentaleb,ALG,Midfielder,false,false,false,false,false,false,true,true,false,false,false,false,false,false,local_enhanced_exact,false,
2019/20,Jack Young,ENG,Midfielder,false,false,false,false,false,false,true,true,false,false,false,false,false,false,local_enhanced_exact,false,
2019/20,Andy Carroll,ENG,Forward,false,false,false,true,false,false,false,false,false,false,false,false,false,true,local_enhanced_exact,false,
2019/20,Joelinton,BRA,Forward,false,false,false,false,false,false,false,false,false,false,false,false,true,true,local_enhanced_exact,false,
2019/20,Allan Saint-Maximin,FRA,Forward,false,false,false,false,false,false,false,false,false,false,true,true,true,false,local_enhanced_exact,false,
2019/20,Dwight Gayle,ENG,Forward,false,false,false,false,false,false,false,false,false,false,false,false,false,true,local_enhanced_exact,false,
2019/20,Yoshinori Muto,JPN,Forward,false,false,false,false,false,false,false,false,false,false,true,false,false,true,local_enhanced_exact,false,
2019/20,Elias Sorensen,DEN,Forward,false,false,false,false,false,false,false,false,false,false,false,false,false,true,manual_position_override,false,
2019/20,Thomas Allan,ENG,Forward,false,false,false,false,false,false,false,false,false,false,true,false,false,false,manual_position_override,false,
2020/21,Martin Dubravka,SVK,Goalkeeper,true,false,false,false,false,false,false,false,false,false,false,false,false,false,local_enhanced_exact,false,
2020/21,Karl Darlow,ENG,Goalkeeper,true,false,false,false,false,false,false,false,false,false,false,false,false,false,local_enhanced_exact,false,
2020/21,Mark Gillespie,ENG,Goalkeeper,true,false,false,false,false,false,false,false,false,false,false,false,false,false,local_enhanced_exact,false,
2020/21,Daniel Langley,ENG,Goalkeeper,true,false,false,false,false,false,false,false,false,false,false,false,false,false,manual_position_override,false,
2020/21,Ciaran Clark,IRL,Defender,false,false,false,true,false,false,false,false,false,false,false,false,false,false,local_enhanced_exact,false,
2020/21,Paul Dummett,WAL,Defender,false,false,false,true,true,false,false,false,false,false,false,false,false,false,local_enhanced_exact,false,
2020/21,Fabian Schar,SUI,Defender,false,false,false,true,false,false,false,false,false,false,false,false,false,false,local_enhanced_exact,false,
2020/21,Jamaal Lascelles,ENG,Defender,false,false,false,true,false,false,false,false,false,false,false,false,false,false,local_enhanced_exact,false,
2020/21,Jamal Lewis,NIR,Defender,false,false,false,false,true,true,false,false,false,false,false,false,false,false,local_enhanced_exact,false,
2020/21,Emil Krafth,SWE,Defender,false,true,true,true,false,false,false,false,false,false,false,false,false,false,local_enhanced_exact,false,
2020/21,Federico Fernandez,ARG,Defender,false,false,false,true,false,false,false,false,false,false,false,false,false,false,local_enhanced_exact,false,
2020/21,Javier Manquillo,ESP,Defender,false,true,true,false,true,true,false,false,false,false,false,false,false,false,manual_position_override,false,
2020/21,Henri Saivet,SEN,Midfielder,false,false,false,false,false,false,false,true,true,false,false,false,false,false,local_enhanced_player,false,
2020/21,Matthew Longstaff,ENG,Midfielder,false,false,false,false,false,false,true,true,false,false,false,false,false,false,manual_position_override,false,
2020/21,Jonjo Shelvey,ENG,Midfielder,false,false,false,false,false,false,true,true,true,false,false,false,false,false,local_enhanced_exact,false,
2020/21,Matt Ritchie,SCO,Midfielder,false,true,true,false,true,true,false,false,false,true,false,true,false,false,local_enhanced_exact,false,
2020/21,Isaac Hayden,ENG,Midfielder,false,false,false,true,false,false,true,true,false,false,false,false,false,false,local_enhanced_exact,false,
2020/21,Jeff Hendrick,IRL,Midfielder,false,false,false,false,false,false,false,true,true,false,false,false,false,false,local_enhanced_exact,false,
2020/21,Ryan Fraser,SCO,Midfielder,false,false,false,false,false,false,false,false,false,true,true,true,true,false,local_enhanced_exact,false,
2020/21,Jacob Murphy,ENG,Midfielder,false,false,true,false,false,false,false,false,false,true,true,false,false,false,local_enhanced_exact,false,
2020/21,Miguel Almiron,PAR,Midfielder,false,false,false,false,false,false,false,false,true,true,true,false,false,false,local_enhanced_exact,false,
2020/21,Joseph Willock,ENG,Midfielder,false,false,false,false,false,false,false,true,true,false,false,false,false,false,manual_position_override,false,
2020/21,Christian Atsu,GHA,Midfielder,false,false,false,false,false,false,false,false,false,false,true,false,true,false,local_enhanced_exact,false,
2020/21,Sean Longstaff,ENG,Midfielder,false,false,false,false,false,false,true,true,false,false,false,false,false,false,local_enhanced_exact,false,
2020/21,Elliot Anderson,SCO,Midfielder,false,false,false,false,false,false,false,false,true,false,false,true,true,false,local_enhanced_exact,false,
2020/21,Andy Carroll,ENG,Forward,false,false,false,false,false,false,false,false,false,false,false,false,false,true,local_enhanced_exact,false,
2020/21,Joelinton,BRA,Forward,false,false,false,false,false,false,false,false,true,false,true,false,true,true,local_enhanced_exact,false,
2020/21,Allan Saint-Maximin,FRA,Forward,false,false,false,false,false,false,false,false,false,false,true,true,true,false,local_enhanced_exact,false,
2020/21,Dwight Gayle,ENG,Forward,false,false,false,false,false,false,false,false,false,false,false,false,false,true,local_enhanced_exact,false,
2020/21,Callum Wilson,ENG,Forward,false,false,false,false,false,false,false,false,false,false,false,false,false,true,local_enhanced_exact,false,
2021/22,Daniel Langley,ENG,Goalkeeper,true,false,false,false,false,false,false,false,false,false,false,false,false,false,manual_position_override,false,
2021/22,Martin Dubravka,SVK,Goalkeeper,true,false,false,false,false,false,false,false,false,false,false,false,false,false,local_enhanced_exact,false,
2021/22,Karl Darlow,ENG,Goalkeeper,true,false,false,false,false,false,false,false,false,false,false,false,false,false,local_enhanced_exact,false,
2021/22,Freddie Woodman,ENG,Goalkeeper,true,false,false,false,false,false,false,false,false,false,false,false,false,false,local_enhanced_exact,false,
2021/22,Mark Gillespie,ENG,Goalkeeper,true,false,false,false,false,false,false,false,false,false,false,false,false,false,local_enhanced_exact,false,
2021/22,Kieran Trippier,ENG,Defender,false,true,true,false,true,false,false,false,false,false,false,false,false,false,local_enhanced_exact,false,
2021/22,Ciaran Clark,IRL,Defender,false,false,false,true,false,false,false,false,false,false,false,false,false,false,local_enhanced_exact,false,
2021/22,Paul Dummett,WAL,Defender,false,false,false,true,true,false,false,false,false,false,false,false,false,false,local_enhanced_exact,false,
2021/22,Fabian Schar,SUI,Defender,false,false,false,true,false,false,false,false,false,false,false,false,false,false,local_enhanced_exact,false,
2021/22,Jamaal Lascelles,ENG,Defender,false,false,false,true,false,false,false,false,false,false,false,false,false,false,local_enhanced_exact,false,
2021/22,Jamal Lewis,NIR,Defender,false,false,false,false,true,true,false,false,false,false,false,false,false,false,local_enhanced_exact,false,
2021/22,Matt Targett,ENG,Defender,false,false,false,false,true,true,false,false,false,false,false,false,false,false,local_enhanced_exact,false,
2021/22,Emil Krafth,SWE,Defender,false,true,true,true,false,false,false,false,false,false,false,false,false,false,local_enhanced_exact,false,
2021/22,Federico Fernandez,ARG,Defender,false,false,false,true,false,false,false,false,false,false,false,false,false,false,local_enhanced_exact,false,
2021/22,Javier Manquillo,ESP,Defender,false,true,true,false,true,true,false,false,false,false,false,false,false,false,manual_position_override,false,
2021/22,Dan Burn,ENG,Defender,false,false,false,true,true,false,false,false,false,false,false,false,false,false,local_enhanced_exact,false,
2021/22,Kelland Watts,ENG,Defender,false,false,false,true,false,false,false,false,false,false,false,false,false,false,local_enhanced_exact,false,
2021/22,Ryan Fraser,SCO,Midfielder,false,false,false,false,false,false,false,false,false,true,true,true,true,false,local_enhanced_exact,false,
2021/22,Jeff Hendrick,IRL,Midfielder,false,false,false,false,false,false,false,true,true,false,false,false,false,false,local_enhanced_exact,false,
2021/22,Isaac Hayden,ENG,Midfielder,false,true,false,true,false,false,true,true,false,false,false,false,false,false,local_enhanced_exact,false,
2021/22,Jonjo Shelvey,ENG,Midfielder,false,false,false,false,false,false,true,true,true,false,false,false,false,false,local_enhanced_exact,false,
2021/22,Matt Ritchie,SCO,Midfielder,false,false,false,false,true,true,false,false,false,true,false,true,true,false,local_enhanced_exact,false,
2021/22,Jacob Murphy,ENG,Midfielder,false,false,true,false,false,false,false,false,false,true,true,false,true,false,local_enhanced_exact,false,
2021/22,Miguel Almiron,PAR,Midfielder,false,false,false,false,false,false,false,false,true,true,true,false,false,false,local_enhanced_exact,false,
2021/22,Matty Longstaff,ENG,Midfielder,false,false,false,false,false,false,true,true,false,false,false,false,false,false,local_enhanced_exact,false,
2021/22,Joe Willock,ENG,Midfielder,false,false,false,false,false,false,false,true,true,false,false,false,false,false,local_enhanced_exact,false,
2021/22,Elliot Anderson,SCO,Midfielder,false,false,false,false,false,false,false,false,true,false,false,true,true,false,local_enhanced_exact,false,
2021/22,Sean Longstaff,ENG,Midfielder,false,false,false,false,false,false,true,true,false,false,false,false,false,false,local_enhanced_exact,false,
2021/22,Bruno Guimaraes,BRA,Midfielder,false,false,false,false,false,false,true,true,false,false,false,false,false,false,local_enhanced_exact,false,
2021/22,Lucas De Bolle,SCO,Midfielder,false,false,false,false,false,false,false,true,true,false,false,false,false,false,local_enhanced_exact,false,
2021/22,Joelinton,BRA,Forward,false,false,false,false,false,false,false,true,true,false,false,true,true,true,local_enhanced_exact,false,
2021/22,Callum Wilson,ENG,Forward,false,false,false,false,false,false,false,false,false,false,false,false,false,true,local_enhanced_exact,false,
2021/22,Allan Saint-Maximin,FRA,Forward,false,false,false,false,false,false,false,false,false,false,true,true,true,false,local_enhanced_exact,false,
2021/22,Chris Wood,NZL,Forward,false,false,false,false,false,false,false,false,false,false,false,false,false,true,local_enhanced_exact,false,
2021/22,Dwight Gayle,ENG,Forward,false,false,false,false,false,false,false,false,false,false,false,false,false,true,local_enhanced_exact,false,
2022/23,Martin Dubravka,SVK,Goalkeeper,true,false,false,false,false,false,false,false,false,false,false,false,false,false,local_enhanced_exact,false,
2022/23,Loris Karius,GER,Goalkeeper,true,false,false,false,false,false,false,false,false,false,false,false,false,false,local_enhanced_exact,false,
2022/23,Nick Pope,ENG,Goalkeeper,true,false,false,false,false,false,false,false,false,false,false,false,false,false,local_enhanced_exact,false,
2022/23,Karl Darlow,ENG,Goalkeeper,true,false,false,false,false,false,false,false,false,false,false,false,false,false,local_enhanced_exact,false,
2022/23,Mark Gillespie,ENG,Goalkeeper,true,false,false,false,false,false,false,false,false,false,false,false,false,false,local_enhanced_exact,false,
2022/23,Kieran Trippier,ENG,Defender,false,true,true,false,true,false,false,false,false,false,false,false,false,false,local_enhanced_exact,false,
2022/23,Ciaran Clark,IRL,Defender,false,false,false,true,false,false,false,false,false,false,false,false,false,false,local_enhanced_player,false,
2022/23,Paul Dummett,WAL,Defender,false,false,false,true,true,false,false,false,false,false,false,false,false,false,local_enhanced_exact,false,
2022/23,Sven Botman,NED,Defender,false,false,false,true,false,false,false,false,false,false,false,false,false,false,local_enhanced_exact,false,
2022/23,Fabian Schar,SUI,Defender,false,false,false,true,false,false,false,false,false,false,false,false,false,false,local_enhanced_exact,false,
2022/23,Jamaal Lascelles,ENG,Defender,false,false,false,true,false,false,false,false,false,false,false,false,false,false,local_enhanced_exact,false,
2022/23,Jamal Lewis,NIR,Defender,false,false,false,false,true,true,false,false,false,false,false,false,false,false,local_enhanced_exact,false,
2022/23,Matt Targett,ENG,Defender,false,false,false,false,true,true,false,false,false,false,false,false,false,false,local_enhanced_exact,false,
2022/23,Emil Krafth,SWE,Defender,false,true,true,true,false,false,false,false,false,false,false,false,false,false,local_enhanced_exact,false,
2022/23,Javier Manquillo,ESP,Defender,false,true,true,false,true,true,false,false,false,false,false,false,false,false,manual_position_override,false,
2022/23,Harrison Ashby,SCO,Defender,false,true,true,false,false,false,false,false,false,false,false,false,false,false,local_enhanced_exact,false,
2022/23,Dan Burn,ENG,Defender,false,false,false,true,true,false,false,false,false,false,false,false,false,false,local_enhanced_exact,false,
2022/23,Kelland Watts,ENG,Defender,false,false,false,true,false,false,false,false,false,false,false,false,false,false,local_enhanced_exact,false,
2022/23,Matt Ritchie,SCO,Midfielder,false,false,true,false,true,true,false,false,false,true,true,true,true,false,local_enhanced_exact,false,
2022/23,Isaac Hayden,ENG,Midfielder,false,true,false,true,false,false,true,true,false,false,false,false,false,false,local_enhanced_player,false,
2022/23,Jeff Hendrick,IRL,Midfielder,false,false,false,false,false,false,false,true,true,false,false,false,false,false,local_enhanced_player,false,
2022/23,Ryan Fraser,SCO,Midfielder,false,false,false,false,false,false,false,false,false,true,true,true,true,false,local_enhanced_exact,false,
2022/23,Jacob Murphy,ENG,Midfielder,false,false,true,false,false,false,false,false,false,true,true,false,true,false,local_enhanced_exact,false,
2022/23,Miguel Almiron,PAR,Midfielder,false,false,false,false,false,false,false,false,true,true,true,false,false,false,local_enhanced_exact,false,
2022/23,Matty Longstaff,ENG,Midfielder,false,false,false,false,false,false,true,true,false,false,false,false,false,false,local_enhanced_exact,false,
2022/23,Joe Willock,ENG,Midfielder,false,false,false,false,false,false,false,true,true,false,false,false,false,false,local_enhanced_exact,false,
2022/23,Elliot Anderson,SCO,Midfielder,false,false,false,false,false,false,false,true,true,false,false,true,true,false,local_enhanced_exact,false,
2022/23,Sean Longstaff,ENG,Midfielder,false,false,false,false,false,false,true,true,false,false,false,false,false,false,local_enhanced_exact,false,
2022/23,Bruno Guimaraes,BRA,Midfielder,false,false,false,false,false,false,true,true,false,false,false,false,false,false,local_enhanced_exact,false,
2022/23,Lewis Miley,ENG,Midfielder,false,false,false,false,false,false,true,true,true,false,false,false,false,false,local_enhanced_exact,false,
2022/23,Garang Kuol,AUS,Forward,false,false,false,false,false,false,false,false,false,false,false,false,true,true,local_enhanced_player,false,
2022/23,Joelinton,BRA,Forward,false,false,false,false,false,false,false,true,true,false,false,true,true,false,local_enhanced_exact,false,
2022/23,Anthony Gordon,ENG,Forward,false,false,false,false,false,false,false,false,true,false,true,true,true,false,local_enhanced_exact,false,
2022/23,Callum Wilson,ENG,Forward,false,false,false,false,false,false,false,false,false,false,false,false,false,true,local_enhanced_exact,false,
2022/23,Allan Saint-Maximin,FRA,Forward,false,false,false,false,false,false,false,false,false,false,true,true,true,false,local_enhanced_exact,false,
2022/23,Alexander Isak,SWE,Forward,false,false,false,false,false,false,false,false,false,false,false,false,true,true,local_enhanced_exact,false,
2022/23,Chris Wood,NZL,Forward,false,false,false,false,false,false,false,false,false,false,false,false,false,true,local_enhanced_exact,false,
2023/24,Aidan Harris,ENG,Goalkeeper,true,false,false,false,false,false,false,false,false,false,false,false,false,false,local_enhanced_exact,false,
2023/24,Martin Dubravka,SVK,Goalkeeper,true,false,false,false,false,false,false,false,false,false,false,false,false,false,local_enhanced_exact,false,
2023/24,Loris Karius,GER,Goalkeeper,true,false,false,false,false,false,false,false,false,false,false,false,false,false,local_enhanced_exact,false,
2023/24,Nick Pope,ENG,Goalkeeper,true,false,false,false,false,false,false,false,false,false,false,false,false,false,local_enhanced_exact,false,
2023/24,Mark Gillespie,ENG,Goalkeeper,true,false,false,false,false,false,false,false,false,false,false,false,false,false,local_enhanced_exact,false,
2023/24,Adam Harrison,ENG,Goalkeeper,true,false,false,false,false,false,false,false,false,false,false,false,false,false,local_enhanced_exact,false,
2023/24,Kieran Trippier,ENG,Defender,false,true,true,false,true,false,false,false,false,false,false,false,false,false,local_enhanced_exact,false,
2023/24,Paul Dummett,WAL,Defender,false,false,false,true,true,false,false,false,false,false,false,false,false,false,local_enhanced_exact,false,
2023/24,Sven Botman,NED,Defender,false,false,false,true,false,false,false,false,false,false,false,false,false,false,local_enhanced_exact,false,
2023/24,Fabian Schar,SUI,Defender,false,false,false,true,false,false,false,false,false,false,false,false,false,false,local_enhanced_exact,false,
2023/24,Jamaal Lascelles,ENG,Defender,false,false,false,true,false,false,false,false,false,false,false,false,false,false,local_enhanced_exact,false,
2023/24,Jamal Lewis,NIR,Defender,false,false,false,false,true,true,false,false,false,false,false,false,false,false,local_enhanced_player,false,
2023/24,Matt Targett,ENG,Defender,false,false,false,false,true,true,false,false,false,false,false,false,false,false,local_enhanced_exact,false,
2023/24,Emil Krafth,SWE,Defender,false,true,true,true,false,false,false,false,false,false,false,false,false,false,local_enhanced_exact,false,
2023/24,Lewis Hall,ENG,Defender,false,false,false,false,true,true,false,false,false,false,false,false,false,false,local_enhanced_exact,false,
2023/24,Tino Livramento,ENG,Defender,false,true,true,false,true,true,false,false,false,false,false,false,false,false,local_enhanced_exact,false,
2023/24,Harrison Ashby,SCO,Defender,false,true,true,false,false,false,false,false,false,false,false,false,false,false,local_enhanced_exact,false,
2023/24,Dan Burn,ENG,Defender,false,false,false,true,true,false,false,false,false,false,false,false,false,false,local_enhanced_exact,false,
2023/24,Kelland Watts,ENG,Defender,false,false,false,true,false,false,false,false,false,false,false,false,false,false,local_enhanced_exact,false,
2023/24,Alex Murphy,IRL,Defender,false,false,false,false,true,true,false,false,false,false,false,false,false,false,local_enhanced_exact,false,
2023/24,Jamie Miley,ENG,Midfielder,false,false,false,false,false,false,true,true,false,false,false,false,false,false,local_enhanced_exact,false,
2023/24,Isaac Hayden,ENG,Midfielder,false,true,false,true,false,false,true,true,false,false,false,false,false,false,local_enhanced_player,false,
2023/24,Ryan Fraser,SCO,Midfielder,false,false,false,false,false,false,false,false,false,true,true,true,true,false,local_enhanced_player,false,
2023/24,Jay Turner-Cooke,ENG,Midfielder,false,false,false,false,false,false,false,false,true,false,false,true,true,false,manual_position_override,false,
2023/24,Jeff Hendrick,IRL,Midfielder,false,false,false,false,false,false,false,true,false,false,false,false,false,false,local_enhanced_player,false,
2023/24,Sandro Tonali,ITA,Midfielder,false,false,false,false,false,false,true,true,false,false,false,false,false,false,local_enhanced_exact,false,
2023/24,Harvey Barnes,ENG,Midfielder,false,false,false,false,false,false,false,false,false,false,true,true,true,false,local_enhanced_exact,false,
2023/24,Matt Ritchie,SCO,Midfielder,false,true,true,false,true,true,false,false,false,true,true,true,true,false,local_enhanced_exact,false,
2023/24,Jacob Murphy,ENG,Midfielder,false,false,false,false,false,false,false,false,false,true,true,false,true,false,local_enhanced_exact,false,
2023/24,Miguel Almiron,PAR,Midfielder,false,false,false,false,false,false,false,false,true,true,true,false,false,false,local_enhanced_exact,false,
2023/24,Joe Willock,ENG,Midfielder,false,false,false,false,false,false,false,true,true,false,false,true,false,false,local_enhanced_exact,false,
2023/24,Elliot Anderson,SCO,Midfielder,false,false,false,false,false,false,false,true,true,false,false,true,true,false,local_enhanced_exact,false,
2023/24,Lucas De Bolle,SCO,Midfielder,false,false,false,false,false,false,false,true,true,false,false,true,false,false,local_enhanced_exact,false,
2023/24,Sean Longstaff,ENG,Midfielder,false,false,false,false,false,false,true,true,false,false,false,false,false,false,local_enhanced_exact,false,
2023/24,Bruno Guimaraes,BRA,Midfielder,false,false,false,false,false,false,true,true,false,false,false,false,false,false,local_enhanced_exact,false,
2023/24,Joe White,ENG,Midfielder,false,false,false,false,false,false,true,true,false,false,false,false,false,false,local_enhanced_exact,false,
2023/24,James Huntley,ENG,Midfielder,false,false,false,false,false,false,false,true,false,false,false,false,false,false,local_enhanced_exact,false,
2023/24,Lewis Miley,ENG,Midfielder,false,false,false,false,false,false,true,true,false,false,false,false,false,false,local_enhanced_exact,false,
2023/24,Travis Hernes,NOR,Midfielder,false,false,false,false,false,false,true,true,false,false,false,false,false,false,local_enhanced_exact,false,
2023/24,Yankuba Minteh,GMB,Forward,false,false,false,false,false,false,false,false,false,false,true,false,true,false,manual_position_override,false,
2023/24,Joelinton,BRA,Forward,false,false,false,false,false,false,false,true,true,false,false,true,true,false,local_enhanced_exact,false,
2023/24,Callum Wilson,ENG,Forward,false,false,false,false,false,false,false,false,false,false,false,false,false,true,local_enhanced_exact,false,
2023/24,Anthony Gordon,ENG,Forward,false,false,false,false,false,false,false,false,false,false,true,true,true,false,local_enhanced_exact,false,
2023/24,Alexander Isak,SWE,Forward,false,false,false,false,false,false,false,false,false,false,false,false,true,true,local_enhanced_exact,false,
2023/24,Garang Kuol,AUS,Forward,false,false,false,false,false,false,false,false,false,false,true,false,true,true,local_enhanced_player,false,
2023/24,Amadou Diallo,ENG,Forward,false,false,false,false,false,false,false,false,false,false,true,false,true,false,local_enhanced_exact,false,
2023/24,Michael Ndiweni,ENG,Forward,false,false,false,false,false,false,false,false,false,false,false,false,false,true,local_enhanced_exact,false,
2023/24,Ben Parkinson,ENG,Forward,false,false,false,false,false,false,false,false,false,false,true,false,false,true,local_enhanced_exact,false,
2024/25,Martin Dubravka,SVK,Goalkeeper,true,false,false,false,false,false,false,false,false,false,false,false,false,false,local_enhanced_exact,false,
2024/25,Odysseas Vlachodimos,GRE,Goalkeeper,true,false,false,false,false,false,false,false,false,false,false,false,false,false,manual_position_override,false,
2024/25,Nick Pope,ENG,Goalkeeper,true,false,false,false,false,false,false,false,false,false,false,false,false,false,local_enhanced_exact,false,
2024/25,John Ruddy,ENG,Goalkeeper,true,false,false,false,false,false,false,false,false,false,false,false,false,false,local_enhanced_exact,false,
2024/25,Mark Gillespie,ENG,Goalkeeper,true,false,false,false,false,false,false,false,false,false,false,false,false,false,local_enhanced_exact,false,
2024/25,Jamal Lewis,NIR,Defender,false,false,false,false,true,true,false,false,false,false,false,false,false,false,local_enhanced_exact,false,
2024/25,Kieran Trippier,ENG,Defender,false,true,true,false,true,false,false,false,false,false,false,false,false,false,local_enhanced_exact,false,
2024/25,Sven Botman,NED,Defender,false,false,false,true,false,false,false,false,false,false,false,false,false,false,local_enhanced_exact,false,
2024/25,Fabian Schar,SUI,Defender,false,false,false,true,false,false,false,false,false,false,false,false,false,false,local_enhanced_exact,false,
2024/25,Jamaal Lascelles,ENG,Defender,false,false,false,true,false,false,false,false,false,false,false,false,false,false,local_enhanced_exact,false,
2024/25,Matt Targett,ENG,Defender,false,false,false,false,true,true,false,false,false,false,false,false,false,false,local_enhanced_exact,false,
2024/25,Emil Krafth,SWE,Defender,false,true,true,true,false,false,false,false,false,false,false,false,false,false,local_enhanced_exact,false,
2024/25,Lewis Hall,ENG,Defender,false,false,false,false,true,true,false,false,false,false,false,false,false,false,local_enhanced_exact,false,
2024/25,Tino Livramento,ENG,Defender,false,true,true,false,true,true,false,false,false,false,false,false,false,false,local_enhanced_exact,false,
2024/25,Lloyd Kelly,ENG,Defender,false,false,false,true,true,false,false,false,false,false,false,false,false,false,local_enhanced_exact,false,
2024/25,Harrison Ashby,SCO,Defender,false,true,true,false,true,false,false,false,false,false,false,false,false,false,local_enhanced_exact,false,
2024/25,Dan Burn,ENG,Defender,false,false,false,true,true,false,false,false,false,false,false,false,false,false,local_enhanced_exact,false,
2024/25,Leo Shahar,ENG,Defender,false,true,true,false,false,false,false,false,false,false,false,false,false,false,local_enhanced_exact,false,
2024/25,Joelinton,BRA,Midfielder,false,false,false,false,false,false,false,true,true,false,false,true,true,false,local_enhanced_exact,false,
2024/25,Sandro Tonali,ITA,Midfielder,false,false,false,false,false,false,true,true,false,false,false,false,false,false,local_enhanced_exact,false,
2024/25,Harvey Barnes,ENG,Midfielder,false,false,false,false,false,false,false,false,false,false,true,true,true,false,local_enhanced_exact,false,
2024/25,Jacob Murphy,ENG,Midfielder,false,true,true,false,false,false,false,false,false,true,true,false,true,false,local_enhanced_exact,false,
2024/25,Joe Willock,ENG,Midfielder,false,false,false,false,false,false,false,true,true,false,false,true,false,false,local_enhanced_exact,false,
2024/25,Sean Longstaff,ENG,Midfielder,false,false,false,false,false,false,true,true,false,false,false,false,false,false,local_enhanced_exact,false,
2024/25,Bruno Guimaraes,BRA,Midfielder,false,false,false,false,false,false,true,true,false,false,false,false,false,false,local_enhanced_exact,false,
2024/25,Lewis Miley,ENG,Midfielder,false,false,false,false,false,false,true,true,false,false,false,false,false,false,local_enhanced_exact,false,
2024/25,Callum Wilson,ENG,Forward,false,false,false,false,false,false,false,false,false,false,false,false,false,true,local_enhanced_exact,false,
2024/25,Anthony Gordon,ENG,Forward,false,false,false,false,false,false,false,false,false,false,true,true,true,false,local_enhanced_exact,false,
2024/25,Alexander Isak,SWE,Forward,false,false,false,false,false,false,false,false,false,false,false,false,true,true,local_enhanced_exact,false,
2024/25,William Osula,DEN,Forward,false,false,false,false,false,false,false,false,false,false,false,false,false,true,local_enhanced_exact,false,
2024/25,Trevan Sanusi,ENG,Forward,false,false,false,false,false,false,false,false,false,false,true,true,true,false,local_enhanced_exact,false,
2024/25,Sean Neave,ENG,Forward,false,false,false,false,false,false,false,false,false,false,false,false,false,true,local_enhanced_exact,false,
2025/26,Nick Pope,ENG,Goalkeeper,true,false,false,false,false,false,false,false,false,false,false,false,false,false,local_enhanced_exact,false,
2025/26,John Ruddy,ENG,Goalkeeper,true,false,false,false,false,false,false,false,false,false,false,false,false,false,local_enhanced_exact,false,
2025/26,Mark Gillespie,ENG,Goalkeeper,true,false,false,false,false,false,false,false,false,false,false,false,false,false,local_enhanced_exact,false,
2025/26,Aaron Ramsdale,ENG,Goalkeeper,true,false,false,false,false,false,false,false,false,false,false,false,false,false,local_enhanced_exact,false,
2025/26,Aidan Harris,ENG,Goalkeeper,true,false,false,false,false,false,false,false,false,false,false,false,false,false,local_enhanced_exact,false,
2025/26,Adam Harrison,ENG,Goalkeeper,true,false,false,false,false,false,false,false,false,false,false,false,false,false,local_enhanced_exact,false,
2025/26,Kieran Trippier,ENG,Defender,false,true,true,false,true,false,false,false,false,false,false,false,false,false,local_enhanced_exact,false,
2025/26,Lewis Hall,ENG,Defender,false,true,false,false,true,true,false,false,false,false,false,false,false,false,local_enhanced_exact,false,
2025/26,Sven Botman,NED,Defender,false,false,false,true,false,false,false,false,false,false,false,false,false,false,local_enhanced_exact,false,
2025/26,Fabian Schar,SUI,Defender,false,false,false,true,false,false,false,false,false,false,false,false,false,false,local_enhanced_exact,false,
2025/26,Malick Thiaw,GER,Defender,false,false,false,true,false,false,false,false,false,false,false,false,false,false,local_enhanced_exact,false,
2025/26,Emil Krafth,SWE,Defender,false,true,true,true,false,false,false,false,false,false,false,false,false,false,local_enhanced_exact,false,
2025/26,Tino Livramento,ENG,Defender,false,true,true,false,true,true,false,false,false,false,false,false,false,false,local_enhanced_exact,false,
2025/26,Dan Burn,ENG,Defender,false,false,false,true,true,false,false,false,false,false,false,false,false,false,local_enhanced_exact,false,
2025/26,Alex Murphy,IRL,Defender,false,false,false,true,true,true,false,false,false,false,false,false,false,false,local_enhanced_exact,false,
2025/26,Leo Shahar,ENG,Defender,false,true,true,false,false,false,false,false,false,false,false,false,false,false,local_enhanced_exact,false,
2025/26,Joelinton,BRA,Midfielder,false,false,false,false,false,false,false,true,true,false,false,true,true,false,local_enhanced_exact,false,
2025/26,Sandro Tonali,ITA,Midfielder,false,false,false,false,false,false,true,true,false,false,false,false,false,false,local_enhanced_exact,false,
2025/26,Harvey Barnes,ENG,Midfielder,false,false,false,false,false,false,false,false,false,true,true,true,true,false,local_enhanced_exact,false,
2025/26,Jacob Murphy,ENG,Midfielder,false,true,true,false,false,false,false,false,false,true,true,false,true,false,local_enhanced_exact,false,
2025/26,Joe Willock,ENG,Midfielder,false,false,false,false,false,false,false,true,true,false,false,true,false,false,local_enhanced_exact,false,
2025/26,Bruno Guimaraes,BRA,Midfielder,false,false,false,false,false,false,true,true,false,false,false,false,false,false,local_enhanced_exact,false,
2025/26,Jacob Ramsey,ENG,Midfielder,false,false,false,false,false,false,false,true,true,false,false,true,true,false,local_enhanced_exact,false,
2025/26,Lewis Miley,ENG,Midfielder,false,true,false,false,false,false,true,true,false,false,false,false,false,false,local_enhanced_exact,false,
2025/26,Sam Alabi,ENG,Midfielder,false,false,false,false,false,false,true,true,true,false,false,false,false,false,local_enhanced_exact,false,
2025/26,Yoane Wissa,COD,Forward,false,false,false,false,false,false,false,false,false,false,false,false,true,true,local_enhanced_exact,false,
2025/26,Anthony Gordon,ENG,Forward,false,false,false,false,false,false,false,false,false,false,false,true,true,true,local_enhanced_exact,false,
2025/26,William Osula,DEN,Forward,false,false,false,false,false,false,false,false,false,false,true,false,false,true,local_enhanced_exact,false,
2025/26,Anthony Elanga,SWE,Forward,false,false,false,false,false,false,false,false,false,true,true,false,false,false,local_enhanced_exact,false,
2025/26,Nick Woltemade,GER,Forward,false,false,false,false,false,false,false,true,true,false,false,false,false,true,local_enhanced_exact,false,
2025/26,Sean Neave,ENG,Forward,false,false,false,false,false,false,false,false,false,false,false,false,false,true,local_enhanced_exact,false,
2025/26,Park Seung-Soo,KOR,Forward,false,false,false,false,false,false,false,false,false,false,true,false,true,false,local_enhanced_exact,false,
